time,CH0_hat1,CH1_hat1,CH2_hat1,CH3_hat1,CH4_hat1,CH5_hat1,CH0_hat2,CH1_hat2,CH2_hat2,CH3_hat2,CH4_hat2,CH5_hat2
0.0010,31586,31250,30866,31506,31554,32069,31849,31636,31157,31978,31585,31511
0.0020,31424,31396,31190,31939,31258,31877,31488,31625,31487,32354,31137,31597
0.0030,31657,31592,31439,32253,31159,31655,31317,31534,31622,32600,31266,31769
0.0040,31335,31477,31482,32394,31292,31807,31565,31695,31830,32851,31442,31906
0.0050,31634,31641,31627,32549,31296,31762,31667,31834,32004,33053,31684,32149
0.0060,31846,31835,31801,32714,31310,31718,31854,31996,32165,33217,31879,32351
0.0070,31714,31822,31859,32811,31423,31855,32000,32149,32333,33398,32098,32577
0.0080,31848,31911,31937,32886,31468,31900,32214,32437,32753,33810,32555,33073
0.0090,31755,31911,32038,33025,31668,32133,32981,33068,33397,34415,33003,33448
0.0100,32101,32136,32228,33203,31750,32179,33209,33330,33595,34635,33271,33717
0.0110,32316,32315,32333,33290,31755,32151,33323,33402,33538,34590,33284,33742
0.0120,32228,32306,32333,33294,31791,32209,33254,33361,33452,34499,33250,33738
0.0130,32289,32335,32345,33311,31779,32192,33264,33318,33332,34369,33105,33587
0.0140,32147,32244,32264,33242,31786,32229,33022,33112,33088,34134,32918,33417
0.0150,31936,32073,32131,33133,31793,32287,32770,32885,32860,33910,32757,33283
0.0160,31895,31989,32015,33021,31757,32277,32770,32799,32717,33748,32527,33013
0.0170,31810,31912,31939,32948,31734,32272,32683,32721,32609,33608,32315,32774
0.0180,31795,31870,31868,32866,31688,32225,32318,32358,32157,33182,31919,32376
0.0190,31768,31806,31736,32712,31541,32069,31703,31798,31555,32595,31457,31967
0.0200,31738,31757,31651,32610,31396,31907,31384,31503,31353,32386,31241,31758
0.0210,31538,31644,31608,32574,31393,31914,31459,31546,31492,32497,31228,31699
0.0220,31627,31687,31667,32637,31385,31885,31415,31553,31586,32610,31328,31792
0.0230,31590,31678,31681,32656,31418,31918,31691,31766,31804,32813,31422,31849
0.0240,31620,31709,31741,32722,31477,31976,31754,31907,32029,33048,31643,32071
0.0250,31762,31810,31824,32794,31492,31969,31833,32012,32192,33237,31885,32347
0.0260,31764,31850,31891,32875,31570,32046,32142,32242,32389,33426,32040,32483
0.0270,31676,31807,31883,32879,31660,32169,32314,32434,32591,33638,32242,32683
0.0280,31829,31895,31953,32944,31692,32190,32515,32720,33016,34062,32691,33163
0.0290,31997,32062,32131,33107,31787,32265,32945,33149,33549,34598,33237,33718
0.0300,32032,32148,32276,33267,31960,32438,33576,33592,33816,34840,33386,33805
0.0310,32310,32324,32367,33333,31957,32408,33355,33512,33688,34761,33460,33946
0.0320,32312,32359,32379,33347,31953,32397,33527,33577,33640,34686,33379,33845
0.0330,32240,32322,32352,33329,31969,32431,33325,33432,33466,34512,33269,33764
0.0340,32223,32288,32296,33270,31920,32394,33154,33238,33220,34272,33073,33584
0.0350,32390,32376,32321,33270,31816,32244,33112,33147,33067,34084,32826,33313
0.0360,32288,32342,32296,33239,31771,32203,32893,32971,32895,33924,32658,33131
0.0370,32413,32402,32337,33271,31693,32078,32673,32769,32705,33734,32490,32974
0.0380,32182,32280,32257,33214,31691,32111,32311,32375,32211,33259,32088,32592
0.0390,32072,32134,32082,33055,31577,32019,31903,31932,31662,32707,31560,32059
0.0400,32071,32085,31977,32930,31418,31852,31613,31694,31501,32530,31326,31812
0.0410,31790,31922,31900,32877,31436,31901,31564,31679,31621,32628,31343,31806
0.0420,31736,31851,31872,32858,31469,31952,31587,31715,31735,32747,31421,31880
0.0430,31873,31923,31918,32891,31461,31922,31706,31831,31903,32923,31553,31995
0.0440,31693,31839,31898,32896,31557,32049,31723,31910,32065,33109,31794,32269
0.0450,31954,31980,31997,32973,31553,32008,31898,32052,32225,33286,32012,32496
0.0460,31773,31919,31998,32993,31680,32172,32149,32260,32412,33467,32184,32656
0.0470,31914,31985,32040,33021,31694,32181,32324,32449,32604,33650,32367,32839
0.0480,31951,32033,32086,33071,31746,32227,32666,32823,33091,34117,32771,33238
0.0490,31887,32046,32180,33178,31915,32425,33085,33273,33653,34689,33315,33778
0.0500,32130,32205,32325,33325,32013,32500,33443,33546,33820,34878,33533,33992
0.0510,32164,32254,32342,33340,32069,32562,33483,33577,33722,34795,33543,34032
0.0520,32252,32301,32338,33327,32044,32532,33439,33538,33631,34696,33500,34011
0.0530,32213,32288,32320,33303,32040,32534,33483,33515,33508,34551,33321,33809
0.0540,32174,32247,32269,33255,32010,32511,33208,33301,33267,34310,33143,33655
0.0550,32180,32233,32221,33196,31947,32447,33076,33137,33076,34107,32926,33429
0.0560,32038,32134,32144,33133,31933,32452,32862,32951,32893,33922,32749,33260
0.0570,32266,32241,32179,33136,31803,32270,32704,32778,32709,33745,32561,33059
0.0580,31971,32096,32097,33077,31828,32327,32259,32347,32190,33242,32173,32711
0.0590,31954,31996,31935,32916,31680,32186,31970,31964,31668,32705,31607,32116
0.0600,31893,31923,31823,32783,31532,32031,31543,31671,31497,32513,31413,31937
0.0610,31857,31903,31832,32776,31468,31950,31433,31590,31575,32593,31452,31972
0.0620,31738,31841,31838,32803,31510,31997,31452,31596,31640,32675,31541,32055
0.0630,31905,31932,31911,32869,31482,31939,31536,31684,31781,32819,31679,32194
0.0640,31797,31903,31933,32912,31550,32016,31852,31939,32045,33066,31825,32296
0.0650,31932,31987,32010,32984,31576,32029,32016,32141,32272,33295,32032,32498
0.0660,31912,32011,32055,33034,31648,32108,32200,32317,32457,33490,32208,32670
0.0670,32099,32134,32148,33107,31657,32094,32300,32453,32624,33661,32418,32904
0.0680,32007,32119,32177,33156,31750,32204,32509,32726,33042,34093,32861,33384
0.0690,32347,32361,32405,33357,31815,32214,33108,33253,33625,34666,33360,33846
0.0700,32212,32366,32503,33490,32020,32454,33324,33467,33761,34831,33611,34120
0.0710,32212,32336,32455,33469,32090,32562,33575,33611,33728,34777,33562,34057
0.0720,32326,32379,32432,33425,32060,32535,33545,33616,33676,34719,33510,34001
0.0730,32260,32343,32383,33386,32055,32542,33443,33516,33523,34565,33375,33871
0.0740,32362,32389,32374,33346,31978,32450,33215,33306,33282,34322,33178,33698
0.0750,32184,32282,32288,33275,31967,32460,32987,33083,33046,34101,32989,33519
0.0760,32264,32297,32270,33237,31888,32365,32787,32885,32847,33896,32814,33354
0.0770,32182,32246,32228,33201,31851,32323,32788,32815,32711,33732,32577,33075
0.0780,32044,32141,32140,33130,31827,32318,32486,32498,32280,33299,32136,32618
0.0790,32123,32119,32023,32982,31634,32104,31902,31972,31704,32737,31656,32166
0.0800,31855,31940,31867,32841,31550,32046,31580,31688,31524,32546,31435,31950
0.0810,31826,31892,31845,32810,31494,31987,31625,31719,31662,32659,31431,31906
0.0820,31867,31924,31896,32861,31493,31963,31564,31713,31744,32755,31523,32000
0.0830,31644,31799,31854,32854,31591,32099,31656,31796,31888,32913,31664,32143
0.0840,31784,31857,31888,32873,31595,32096,31827,31962,32098,33127,31853,32330
0.0850,31851,31919,31952,32932,31626,32114,31932,32090,32255,33303,32076,32566
0.0860,31858,31952,32001,32983,31693,32185,32209,32311,32456,33489,32223,32698
0.0870,31953,32020,32060,33046,31738,32217,32360,32491,32653,33691,32420,32898
0.0880,31929,32032,32099,33087,31808,32301,32683,32851,33126,34158,32840,33317
0.0890,31989,32103,32218,33221,31947,32441,33184,33340,33703,34729,33347,33807
0.0900,32173,32254,32368,33363,32054,32536,33493,33601,33869,34926,33586,34044
0.0910,32159,32261,32354,33365,32113,32611,33590,33663,33802,34862,33560,34030
0.0920,32282,32329,32363,33344,32085,32580,33502,33606,33692,34757,33525,34022
0.0930,32553,32507,32453,33395,31979,32407,33503,33558,33562,34604,33374,33868
0.0940,32424,32479,32449,33394,31958,32388,33365,33416,33358,34392,33150,33633
0.0950,32229,32340,32355,33329,31971,32439,33111,33200,33146,34178,32964,33460
0.0960,32169,32255,32262,33243,31916,32403,32893,32995,32950,33981,32789,33299
0.0970,31977,32109,32143,33137,31911,32441,32781,32852,32781,33805,32602,33097
0.0980,32080,32123,32111,33094,31846,32359,32402,32457,32281,33321,32179,32681
0.0990,32030,32054,31971,32942,31682,32179,31928,31973,31702,32753,31658,32172
0.1000,31860,31924,31840,32810,31580,32092,31675,31752,31563,32588,31429,31927
0.1010,31851,31898,31833,32790,31501,31990,31649,31754,31696,32693,31430,31899
0.1020,31646,31787,31809,32793,31563,32079,31605,31744,31777,32797,31521,31987
0.1030,31780,31840,31853,32831,31562,32058,31614,31780,31889,32930,31682,32166
0.1040,31941,31968,31956,32910,31559,32022,31850,31973,32103,33143,31868,32339
0.1050,31726,31881,31950,32945,31680,32176,31967,32118,32283,33334,32081,32567
0.1060,31950,31995,32029,33007,31685,32158,32132,32275,32447,33495,32264,32762
0.1070,32031,32080,32104,33077,31709,32171,32296,32441,32625,33675,32471,32977
0.1080,31985,32085,32138,33120,31783,32256,32784,32900,33148,34167,32840,33309
0.1090,32300,32321,32370,33327,31862,32286,33264,33405,33742,34763,33348,33783
0.1100,32243,32370,32489,33470,32029,32468,33352,33535,33836,34895,33623,34121
0.1110,32384,32439,32517,33499,32053,32491,33503,33586,33739,34807,33602,34109
0.1120,32317,32411,32469,33453,32072,32539,33516,33593,33674,34725,33536,34049
0.1130,32460,32484,32486,33449,32015,32461,33399,33484,33507,34556,33403,33923
0.1140,32393,32452,32448,33414,31977,32427,33299,33353,33307,34342,33185,33697
0.1150,32258,32352,32361,33345,31960,32429,33056,33144,33091,34123,32991,33517
0.1160,32321,32356,32330,33304,31882,32342,32960,33016,32943,33964,32785,33286
0.1170,32264,32321,32289,33258,31827,32281,32769,32843,32769,33791,32600,33093
0.1180,32175,32248,32227,33200,31788,32251,32280,32377,32219,33277,32209,32743
0.1190,32031,32105,32050,33022,31679,32162,31919,31942,31667,32710,31662,32188
0.1200,31897,31964,31896,32871,31559,32056,31564,31674,31501,32534,31458,31982
0.1210,31916,31964,31898,32856,31488,31963,31577,31681,31630,32635,31455,31949
0.1220,31884,31958,31941,32906,31509,31972,31613,31733,31748,32756,31531,32009
0.1230,31898,31971,31972,32937,31525,31978,31662,31811,31903,32925,31687,32173
0.1240,31925,32002,32023,32991,31572,32024,31907,32015,32129,33161,31861,32316
0.1250,31907,32008,32053,33034,31627,32085,31962,32133,32301,33343,32098,32586
0.1260,32212,32195,32182,33138,31608,32007,32111,32263,32442,33494,32287,32789
0.1270,32100,32201,32229,33198,31699,32124,32357,32471,32636,33689,32462,32952
0.1280,32272,32308,32316,33275,31706,32105,32795,32916,33161,34175,32839,33299
0.1290,32219,32349,32450,33431,31878,32296,33087,33303,33690,34728,33400,33887
0.1300,32260,32393,32534,33532,32034,32477,33419,33541,33829,34885,33620,34116
0.1310,32306,32405,32514,33521,32088,32554,33626,33669,33789,34833,33576,34055
0.1320,32318,32398,32457,33458,32079,32563,33518,33619,33697,34752,33545,34044
0.1330,32353,32413,32443,33444,32061,32537,33304,33430,33480,34541,33426,33975
0.1340,32433,32457,32440,33414,31994,32447,33253,33301,33266,34319,33202,33728
0.1350,32204,32316,32334,33325,31992,32482,33127,33177,33098,34121,32979,33494
0.1360,32189,32259,32261,33245,31931,32425,32763,32905,32879,33923,32841,33394
0.1370,32255,32280,32246,33219,31846,32317,32573,32682,32644,33694,32662,33219
0.1380,32180,32241,32211,33176,31805,32276,32414,32404,32196,33224,32169,32693
0.1390,32120,32152,32072,33030,31665,32130,31876,31926,31650,32688,31677,32205
0.1400,31806,31925,31879,32860,31597,32109,31655,31723,31525,32542,31439,31944
0.1410,32072,32038,31939,32884,31455,31895,31567,31694,31645,32646,31475,31966
0.1420,31913,32005,31980,32937,31496,31944,31548,31688,31723,32754,31555,32042
0.1430,32225,32184,32114,33041,31463,31813,31716,31827,31896,32917,31682,32156
0.1440,32141,32208,32186,33125,31491,31861,31753,31932,32088,33123,31914,32414
0.1450,32011,32143,32193,33173,31590,31996,31990,32118,32277,33321,32099,32590
0.1460,32112,32189,32239,33217,31630,32044,32275,32358,32483,33509,32236,32704
0.1470,32013,32146,32226,33222,31728,32175,32324,32483,32660,33700,32467,32957
0.1480,32074,32168,32239,33240,31777,32232,32769,32904,33171,34193,32866,33331
0.1490,32159,32267,32379,33377,31911,32368,33151,33337,33715,34753,33400,33868
0.1500,32372,32433,32533,33514,32007,32438,33429,33559,33848,34910,33624,34110
0.1510,32427,32492,32559,33541,32047,32479,33689,33709,33816,34867,33561,34023
0.1520,32382,32475,32529,33514,32080,32535,33571,33667,33746,34795,33531,34012
0.1530,32416,32475,32499,33478,32047,32504,33510,33577,33582,34617,33378,33864
0.1540,32238,32352,32397,33399,32044,32533,33363,33425,33382,34410,33170,33658
0.1550,32299,32345,32343,33332,31966,32446,33055,33168,33127,34170,32997,33513
0.1560,32367,32381,32340,33304,31879,32331,32928,33001,32948,33980,32800,33316
0.1570,32237,32313,32292,33260,31856,32317,32742,32826,32762,33794,32616,33125
0.1580,32198,32257,32230,33199,31785,32251,32313,32390,32220,33275,32198,32729
0.1590,32048,32116,32054,33022,31679,32160,31916,31948,31676,32716,31666,32197
0.1600,31957,32008,31921,32883,31542,32025,31648,31732,31551,32563,31441,31949
0.1610,31711,31847,31841,32822,31554,32070,31598,31717,31667,32674,31471,31953
0.1620,31802,31870,31870,32839,31540,32039,31464,31647,31709,32740,31578,32095
0.1630,31843,31909,31914,32878,31555,32037,31700,31804,31888,32916,31683,32166
0.1640,31856,31937,31963,32934,31596,32077,31935,32035,32139,33164,31860,32314
0.1650,31980,32031,32051,33011,31623,32077,32045,32188,32334,33375,32083,32545
0.1660,32029,32096,32119,33087,31666,32110,32212,32344,32497,33537,32265,32735
0.1670,32008,32107,32154,33132,31734,32193,32445,32558,32714,33750,32436,32901
0.1680,32347,32323,32301,33238,31706,32097,32636,32845,33156,34202,32904,33394
0.1690,32056,32250,32387,33378,31938,32386,33223,33364,33721,34757,33393,33859
0.1700,32386,32438,32546,33524,32018,32444,33516,33618,33878,34928,33601,34066
0.1710,32472,32522,32580,33553,32040,32457,33614,33689,33816,34866,33584,34064
0.1720,32455,32523,32557,33535,32045,32474,33463,33595,33696,34752,33561,34082
0.1730,32318,32435,32491,33487,32077,32545,33465,33519,33536,34578,33388,33901
0.1740,32531,32523,32488,33451,31960,32392,33238,33323,33295,34346,33202,33727
0.1750,32274,32384,32394,33368,31962,32429,33108,33173,33112,34147,32989,33500
0.1760,32211,32295,32311,33293,31917,32398,32949,33014,32940,33975,32801,33297
0.1770,32317,32333,32298,33262,31826,32284,32627,32756,32715,33753,32636,33167
0.1780,32139,32237,32224,33194,31817,32292,32330,32370,32197,33254,32188,32716
0.1790,31975,32062,32018,32998,31709,32211,31950,31961,31668,32710,31651,32167
0.1800,32114,32082,31952,32898,31491,31946,31508,31651,31499,32525,31484,32033
0.1810,32107,32116,32013,32941,31426,31842,31498,31624,31597,32612,31499,32017
0.1820,31856,31995,32006,32969,31514,31958,31580,31689,31713,32730,31554,32050
0.1830,32010,32053,32053,33012,31504,31930,31687,31811,31891,32915,31695,32174
0.1840,31954,32050,32080,33056,31572,32012,31834,31971,32098,33127,31893,32367
0.1850,31974,32066,32106,33091,31615,32057,31995,32139,32298,33332,32097,32582
0.1860,32025,32107,32151,33136,31667,32112,32166,32300,32465,33505,32285,32774
0.1870,31954,32075,32149,33151,31748,32217,32391,32506,32661,33699,32466,32951
0.1880,32119,32174,32214,33200,31766,32224,32806,32936,33192,34208,32857,33314
0.1890,32320,32364,32428,33398,31863,32278,33118,33328,33717,34752,33419,33897
0.1900,32239,32383,32526,33525,32059,32502,33444,33560,33844,34903,33624,34112
0.1910,32397,32454,32535,33524,32064,32508,33567,33636,33772,34839,33607,34099
0.1920,32408,32472,32513,33500,32057,32508,33487,33586,33666,34735,33558,34072
0.1930,32439,32491,32507,33478,32028,32476,33574,33587,33562,34590,33356,33838
0.1940,32394,32457,32462,33436,31996,32448,33289,33380,33337,34370,33183,33682
0.1950,32446,32470,32434,33387,31902,32338,33156,33217,33149,34175,32965,33457
0.1960,32267,32364,32361,33331,31893,32348,33019,33075,32996,34018,32760,33232
0.1970,32282,32336,32321,33290,31842,32296,32902,32948,32845,33861,32547,33003
0.1980,32173,32256,32252,33232,31815,32279,32547,32577,32364,33393,32119,32577
0.1990,32436,32348,32203,33138,31603,31972,31951,32035,31780,32818,31649,32149
0.2000,32014,32122,32041,33005,31533,31972,31614,31744,31602,32629,31458,31970
0.2010,31989,32060,32014,32977,31489,31932,31551,31689,31677,32701,31478,31978
0.2020,31895,32002,32006,32984,31524,31978,31528,31684,31741,32783,31580,32083
0.2030,31825,31944,31977,32963,31560,32037,31654,31787,31883,32933,31719,32211
0.2040,31921,31989,32015,32997,31572,32040,31874,31990,32107,33141,31890,32366
0.2050,31886,31995,32054,33043,31651,32126,32098,32207,32338,33364,32059,32522
0.2060,31995,32064,32111,33097,31691,32155,32090,32279,32468,33526,32300,32803
0.2070,31949,32057,32126,33118,31764,32243,32508,32572,32709,33749,32435,32894
0.2080,31964,32069,32144,33142,31828,32321,32687,32886,33179,34213,32910,33389
0.2090,32246,32283,32355,33327,31900,32351,33214,33372,33740,34768,33398,33864
0.2100,32260,32369,32479,33466,32059,32515,33528,33630,33887,34936,33599,34062
0.2110,32421,32462,32519,33497,32059,32496,33633,33703,33826,34875,33593,34067
0.2120,32470,32517,32538,33510,32056,32491,33479,33603,33701,34757,33552,34066
0.2130,32477,32530,32532,33497,32028,32462,33443,33513,33539,34588,33399,33911
0.2140,32373,32457,32463,33441,32006,32458,33225,33313,33292,34347,33213,33738
0.2150,32288,32374,32378,33364,31968,32440,33026,33113,33073,34115,33010,33548
0.2160,32417,32424,32373,33333,31867,32308,32791,32894,32857,33911,32830,33375
0.2170,32101,32241,32264,33255,31896,32380,32657,32736,32672,33708,32643,33183
0.2180,32187,32235,32216,33192,31807,32284,32356,32382,32181,33214,32172,32703
0.2190,32060,32115,32056,33031,31684,32167,31979,31986,31684,32711,31643,32152
0.2200,32169,32136,32002,32946,31487,31920,31576,31702,31536,32551,31460,31977
0.2210,31876,31994,31954,32918,31506,31969,31468,31624,31612,32630,31507,32027
0.2220,31794,31912,31936,32918,31548,32028,31511,31646,31694,32727,31592,32103
0.2230,31848,31923,31948,32934,31560,32034,31687,31796,31875,32899,31714,32200
0.2240,31870,31954,31987,32972,31599,32074,31878,31993,32106,33130,31883,32353
0.2250,31895,31984,32027,33012,31654,32132,32064,32186,32320,33352,32083,32549
0.2260,31826,31952,32024,33025,31736,32234,32283,32393,32529,33557,32260,32717
0.2270,31771,31908,32007,33020,31815,32347,32555,32637,32764,33780,32409,32845
0.2280,32141,32125,32139,33113,31773,32242,32661,32897,33212,34250,32912,33393
0.2290,32021,32164,32270,33266,31963,32448,33173,33345,33733,34785,33424,33899
0.2300,32207,32292,32412,33408,32086,32563,33490,33594,33862,34925,33612,34088
0.2310,32409,32434,32475,33448,32075,32531,33594,33664,33792,34856,33602,34087
0.2320,32313,32400,32446,33432,32099,32572,33593,33666,33729,34773,33528,34020
0.2330,32543,32526,32498,33452,32006,32430,33459,33546,33564,34605,33397,33899
0.2340,32476,32519,32483,33433,31961,32385,33375,33413,33356,34387,33155,33640
0.2350,32332,32418,32415,33383,31943,32388,33094,33187,33135,34172,32970,33473
0.2360,32382,32417,32388,33346,31868,32309,33001,33054,32980,34008,32774,33259
0.2370,32208,32311,32309,33286,31862,32320,32818,32891,32813,33832,32580,33063
0.2380,32212,32267,32243,33221,31791,32252,32339,32420,32247,33295,32163,32674
0.2390,31963,32069,32034,33017,31706,32208,31812,31892,31655,32718,31680,32228
0.2400,31853,31925,31869,32855,31585,32101,31645,31716,31541,32560,31444,31961
0.2410,31948,31965,31898,32860,31490,31968,31618,31727,31680,32680,31466,31951
0.2420,31752,31880,31895,32880,31563,32055,31450,31642,31712,32748,31582,32101
0.2430,31970,31992,31965,32928,31526,31980,31654,31779,31876,32912,31719,32216
0.2440,31978,32041,32040,32996,31561,32005,31897,31998,32109,33147,31881,32348
0.2450,31974,32061,32097,33064,31620,32063,31984,32141,32297,33342,32113,32598
0.2460,31934,32046,32106,33093,31691,32153,32254,32351,32491,33534,32265,32735
0.2470,32011,32095,32151,33133,31740,32204,32568,32637,32760,33772,32410,32848
0.2480,32140,32191,32232,33207,31765,32214,32780,32969,33254,34276,32886,33338
0.2490,32256,32335,32416,33387,31896,32329,33264,33429,33797,34832,33395,33841
0.2500,32431,32489,32572,33536,31995,32404,33634,33713,33958,34999,33573,34008
0.2510,32353,32462,32551,33542,32070,32508,33597,33703,33851,34918,33589,34056
0.2520,32325,32423,32492,33498,32088,32554,33511,33626,33727,34795,33540,34041
0.2530,32338,32411,32447,33437,32066,32545,33352,33467,33519,34585,33421,33958
0.2540,32278,32356,32378,33368,32036,32527,33240,33305,33275,34334,33207,33739
0.2550,32291,32338,32325,33305,31957,32438,32993,33092,33055,34108,33012,33557
0.2560,32085,32202,32223,33217,31953,32467,32827,32910,32855,33899,32817,33356
0.2570,31966,32082,32116,33119,31935,32479,32726,32783,32706,33732,32613,33128
0.2580,32296,32244,32165,33119,31768,32232,32291,32359,32176,33219,32187,32726
0.2590,32290,32259,32115,33044,31603,32026,31791,31856,31602,32656,31681,32239
0.2600,31982,32071,31975,32926,31535,31989,31500,31611,31458,32483,31484,32038
0.2610,31921,31998,31954,32913,31505,31960,31467,31595,31569,32580,31517,32048
0.2620,31956,32017,31993,32954,31494,31935,31460,31601,31641,32671,31596,32120
0.2630,31947,32023,32017,32982,31517,31959,31725,31806,31860,32872,31692,32177
0.2640,31926,32021,32048,33024,31568,32016,31871,31995,32108,33122,31893,32365
0.2650,31989,32067,32099,33081,31611,32054,32002,32149,32303,33333,32108,32589
0.2660,31911,32038,32106,33101,31701,32169,32228,32339,32480,33517,32260,32733
0.2670,32007,32091,32148,33142,31746,32215,32321,32477,32657,33714,32491,32983
0.2680,31987,32094,32168,33169,31815,32299,32707,32872,33164,34203,32922,33409
0.2690,32072,32182,32297,33297,31941,32425,33194,33356,33717,34744,33424,33901
0.2700,32316,32372,32473,33446,32033,32490,33441,33560,33828,34884,33630,34118
0.2710,32301,32390,32472,33457,32096,32559,33597,33656,33781,34828,33593,34082
0.2720,32208,32320,32396,33404,32120,32618,33595,33659,33714,34754,33518,34004
0.2730,32188,32283,32340,33345,32118,32639,33468,33542,33556,34606,33380,33871
0.2740,32390,32385,32359,33326,32006,32485,33313,33379,33340,34378,33177,33678
0.2750,32313,32361,32328,33286,31949,32423,33233,33266,33177,34194,32940,33417
0.2760,32176,32268,32258,33230,31926,32409,32979,33068,32995,34013,32765,33243
0.2770,32044,32153,32169,33159,31914,32427,32860,32920,32838,33852,32566,33034
0.2780,32162,32184,32149,33118,31810,32299,32434,32491,32302,33346,32141,32626
0.2790,32047,32088,32012,32973,31686,32173,31975,32019,31744,32780,31628,32128
0.2800,32043,32050,31931,32879,31528,31993,31535,31689,31561,32599,31474,32005
0.2810,31836,31938,31895,32858,31527,32006,31623,31725,31691,32702,31466,31956
0.2820,31796,31891,31896,32874,31539,32023,31580,31725,31767,32801,31572,32056
0.2830,31714,31834,31875,32871,31595,32099,31676,31821,31915,32952,31716,32202
0.2840,31810,31888,31920,32903,31615,32107,31784,31944,32095,33142,31932,32428
0.2850,31750,31871,31938,32930,31696,32207,32103,32194,32324,33361,32077,32543
0.2860,32001,32023,32045,33015,31688,32164,32276,32392,32529,33555,32250,32713
0.2870,32100,32133,32139,33101,31705,32152,32436,32567,32728,33766,32463,32930
0.2880,32120,32190,32218,33181,31755,32194,32781,32946,33231,34259,32899,33364
0.2890,32284,32348,32417,33381,31870,32285,33155,33351,33739,34782,33438,33914
0.2900,32207,32356,32497,33496,32067,32515,33480,33588,33856,34917,33616,34100
0.2910,32340,32414,32499,33498,32093,32550,33541,33630,33774,34835,33609,34112
0.2920,32408,32454,32489,33472,32060,32517,33519,33602,33680,34732,33546,34058
0.2930,32532,32542,32520,33479,31998,32429,33479,33533,33539,34580,33376,33875
0.2940,32395,32473,32478,33453,31996,32435,33253,33338,33302,34345,33193,33707
0.2950,32361,32422,32412,33382,31930,32380,33165,33208,33132,34154,32960,33458
0.2960,32227,32317,32325,33310,31902,32370,32871,32980,32929,33972,32806,33316
0.2970,32100,32210,32230,33221,31896,32390,32678,32777,32722,33764,32617,33135
0.2980,32198,32225,32195,33170,31790,32266,32436,32441,32227,33263,32121,32619
0.2990,32099,32137,32054,33024,31662,32132,31947,31982,31700,32733,31616,32114
0.3000,31969,32019,31927,32890,31532,32009,31688,31777,31598,32604,31415,31905
0.3010,31748,31877,31867,32851,31557,32061,31595,31734,31703,32714,31475,31956
0.3020,31871,31922,31911,32878,31532,32018,31643,31770,31805,32828,31545,32014
0.3030,31803,31898,31914,32894,31565,32047,31827,31929,31993,33010,31667,32117
0.3040,31930,31978,31989,32961,31572,32032,31984,32108,32225,33243,31859,32289
0.3050,31887,31990,32041,33024,31661,32129,31905,32126,32334,33396,32125,32630
0.3060,32049,32094,32115,33088,31671,32120,32293,32375,32526,33570,32260,32733
0.3070,32014,32109,32151,33132,31727,32183,32364,32518,32696,33746,32480,32968
0.3080,32106,32176,32227,33207,31783,32233,32731,32902,33200,34233,32920,33407
0.3090,32072,32211,32334,33333,31950,32417,33333,33454,33795,34812,33394,33840
0.3100,32373,32413,32501,33480,32011,32446,33511,33637,33901,34952,33607,34071
0.3110,32331,32429,32508,33500,32086,32539,33649,33709,33831,34885,33573,34038
0.3120,32454,32491,32515,33486,32053,32499,33621,33699,33764,34802,33515,33994
0.3130,32456,32507,32516,33486,32028,32471,33361,33491,33538,34594,33406,33929
0.3140,32420,32482,32476,33437,31990,32438,33179,33278,33276,34340,33216,33758
0.3150,32506,32513,32469,33415,31899,32321,33015,33099,33056,34102,33010,33557
0.3160,32335,32421,32406,33368,31884,32321,32941,32985,32907,33932,32790,33306
0.3170,32162,32280,32300,33288,31886,32354,32695,32783,32713,33742,32611,33125
0.3180,32261,32292,32258,33231,31787,32243,32480,32474,32247,33269,32111,32600
0.3190,32140,32181,32101,33060,31643,32106,32010,32035,31735,32753,31609,32096
0.3200,32174,32166,32037,32970,31471,31899,31796,31859,31666,32662,31384,31841
0.3210,31880,32005,31985,32956,31510,31963,31703,31830,31781,32781,31434,31878
0.3220,31988,32042,32024,32977,31486,31927,31659,31816,31861,32881,31544,32000
0.3230,31866,31983,32010,32982,31542,32002,31734,31884,31986,33017,31692,32153
0.3240,32072,32103,32095,33050,31532,31959,31837,32005,32164,33210,31914,32395
0.3250,32103,32166,32186,33138,31585,31998,32099,32214,32365,33408,32095,32560
0.3260,32050,32159,32212,33183,31674,32103,32237,32371,32528,33574,32269,32746
0.3270,32152,32219,32253,33228,31699,32125,32479,32590,32743,33781,32463,32926
0.3280,32012,32156,32253,33253,31817,32279,32753,32939,33239,34280,32927,33399
0.3290,32329,32366,32441,33422,31884,32306,33302,33443,33802,34833,33404,33849
0.3300,32353,32456,32563,33542,32027,32457,33593,33689,33933,34980,33588,34040
0.3310,32269,32401,32512,33517,32110,32579,33616,33709,33841,34899,33590,34064
0.3320,32331,32407,32468,33468,32086,32567,33543,33651,33740,34793,33534,34034
0.3330,32461,32486,32492,33471,32040,32495,33460,33533,33557,34613,33387,33889
0.3340,32328,32415,32427,33408,32027,32494,33304,33374,33334,34375,33181,33691
0.3350,32230,32324,32338,33330,32005,32494,33128,33198,33133,34172,32971,33469
0.3360,32346,32353,32313,33279,31879,32339,32969,33042,32974,33997,32777,33271
0.3370,32174,32265,32257,33235,31873,32348,32768,32848,32778,33805,32586,33076
0.3380,32163,32223,32207,33182,31821,32296,32426,32459,32259,33303,32127,32617
0.3390,31964,32045,31999,32991,31704,32204,31805,31907,31667,32721,31670,32213
0.3400,32120,32082,31951,32899,31503,31955,31614,31703,31549,32576,31459,31984
0.3410,31961,32032,31965,32915,31495,31947,31654,31741,31690,32698,31453,31932
0.3420,31895,31988,31983,32951,31526,31979,31632,31765,31792,32816,31555,32024
0.3430,32042,32068,32041,32998,31494,31919,31675,31831,31931,32970,31722,32203
0.3440,32135,32164,32141,33092,31510,31904,31847,31991,32136,33179,31925,32406
0.3450,31941,32084,32148,33130,31632,32067,31905,32084,32267,33327,32139,32653
0.3460,31921,32051,32132,33133,31703,32167,32167,32282,32443,33492,32298,32800
0.3470,31961,32063,32141,33144,31753,32233,32310,32450,32627,33687,32506,33016
0.3480,31927,32050,32148,33156,31842,32342,32787,32913,33186,34214,32914,33390
0.3490,32043,32152,32278,33283,31968,32467,33269,33414,33754,34778,33410,33863
0.3500,32238,32311,32414,33407,32064,32545,33449,33585,33850,34905,33626,34107
0.3510,32164,32285,32393,33398,32143,32647,33559,33638,33775,34830,33596,34094
0.3520,32362,32382,32412,33398,32084,32566,33491,33587,33671,34722,33550,34066
0.3530,32356,32408,32420,33392,32068,32545,33442,33504,33517,34555,33390,33908
0.3540,32405,32433,32406,33371,31998,32456,33323,33372,33317,34348,33170,33677
0.3550,32374,32415,32383,33350,31950,32400,33109,33185,33124,34150,32975,33482
0.3560,32308,32366,32336,33302,31897,32354,32962,33028,32959,33985,32778,33271
0.3570,32246,32318,32294,33257,31854,32312,32758,32840,32773,33802,32598,33087
0.3580,32338,32347,32294,33245,31765,32198,32339,32400,32212,33258,32144,32661
0.3590,32029,32131,32079,33053,31688,32160,31935,31962,31685,32721,31633,32147
0.3600,31947,32007,31931,32904,31550,32033,31648,31748,31582,32592,31447,31953
0.3610,31737,31866,31862,32852,31564,32075,31545,31691,31677,32693,31494,31991
0.3620,31974,31984,31948,32913,31509,31971,31552,31696,31741,32774,31580,32077
0.3630,31968,32024,32005,32962,31518,31962,31644,31795,31901,32933,31735,32238
0.3640,31797,31939,31990,32976,31612,32086,31837,31968,32105,33138,31922,32414
0.3650,31971,32031,32072,33056,31643,32099,32047,32165,32310,33352,32111,32593
0.3660,31909,32020,32082,33075,31715,32192,32275,32382,32513,33546,32275,32745
0.3670,32059,32113,32153,33139,31731,32188,32382,32538,32713,33748,32495,32977
0.3680,32078,32162,32214,33198,31802,32260,32712,32893,33200,34240,32941,33430
0.3690,32095,32225,32342,33340,31962,32433,33237,33384,33747,34779,33431,33898
0.3700,32239,32334,32453,33454,32076,32545,33723,33748,33947,34968,33557,33980
0.3710,32295,32376,32457,33462,32111,32584,33532,33674,33830,34887,33604,34086
0.3720,32216,32326,32397,33405,32143,32648,33666,33708,33764,34807,33497,33965
0.3730,32322,32366,32387,33373,32088,32583,33526,33602,33607,34638,33363,33844
0.3740,32276,32337,32339,33315,32036,32530,33275,33374,33350,34398,33179,33682
0.3750,32517,32471,32395,33335,31907,32339,33109,33185,33133,34170,32962,33467
0.3760,32313,32388,32352,33299,31889,32336,32984,33049,32982,34008,32775,33270
0.3770,32325,32369,32336,33285,31836,32274,32853,32909,32819,33840,32567,33038
0.3780,32190,32274,32255,33216,31798,32255,32407,32463,32262,33306,32115,32603
0.3790,32041,32112,32059,33042,31684,32161,31922,31981,31717,32763,31632,32140
0.3800,31944,32003,31934,32908,31575,32064,31728,31805,31633,32644,31423,31911
0.3810,31987,32016,31949,32907,31496,31955,31656,31782,31747,32752,31453,31921
0.3820,31755,31896,31921,32911,31569,32052,31687,31816,31846,32867,31552,32008
0.3830,31897,31950,31951,32929,31549,32022,31665,31844,31960,33001,31726,32209
0.3840,31776,31904,31955,32951,31631,32120,32049,32120,32227,33247,31861,32302
0.3850,31884,31958,32005,32997,31653,32137,32371,32427,32516,33516,32013,32408
0.3860,32030,32075,32095,33063,31675,32132,32258,32452,32633,33687,32276,32717
0.3870,32002,32095,32139,33122,31749,32213,32336,32530,32746,33810,32512,33005
0.3880,32021,32116,32180,33167,31803,32275,32698,32893,33227,34283,32966,33466
0.3890,32137,32236,32340,33318,31937,32403,33267,33409,33775,34814,33444,33917
0.3900,32258,32349,32468,33459,32060,32522,33533,33633,33883,34936,33613,34085
0.3910,32282,32373,32462,33459,32113,32587,33669,33722,33833,34884,33577,34044
0.3920,32355,32411,32446,33431,32087,32559,33535,33648,33726,34776,33548,34048
0.3930,32330,32400,32430,33412,32077,32553,33548,33591,33585,34618,33367,33852
0.3940,32458,32462,32435,33396,31986,32437,33281,33371,33337,34372,33176,33680
0.3950,32393,32437,32411,33371,31936,32381,33096,33179,33133,34167,32974,33484
0.3960,32226,32327,32330,33306,31929,32396,32943,33017,32957,33986,32784,33290
0.3970,32333,32353,32312,33268,31828,32275,32750,32834,32767,33789,32604,33106
0.3980,32406,32404,32325,33258,31734,32147,32287,32360,32178,33241,32158,32685
0.3990,32211,32261,32166,33115,31616,32042,31911,31942,31671,32708,31635,32158
0.4000,32024,32098,32018,32977,31513,31960,31620,31719,31556,32576,31457,31967
0.4010,31760,31913,31930,32916,31557,32052,31558,31694,31673,32682,31492,31990
0.4020,31925,31970,31966,32935,31517,31990,31714,31799,31802,32818,31542,31999
0.4030,31924,31993,31992,32966,31525,31982,31693,31857,31952,32983,31729,32205
0.4040,31909,32001,32040,33021,31591,32047,31821,31984,32139,33179,31935,32421
0.4050,31900,32002,32053,33045,31646,32111,31985,32133,32307,33357,32135,32632
0.4060,31926,32026,32088,33090,31715,32187,32255,32352,32495,33539,32289,32770
0.4070,31969,32058,32113,33111,31757,32238,32479,32584,32733,33760,32469,32937
0.4080,32050,32126,32184,33174,31814,32291,32861,33006,33278,34295,32912,33361
0.4090,32190,32277,32368,33338,31942,32399,33197,33398,33782,34824,33460,33928
0.4100,32222,32337,32462,33448,32077,32543,33393,33544,33838,34911,33665,34175
0.4110,32324,32389,32463,33457,32093,32562,33443,33548,33710,34795,33649,34185
0.4120,32365,32428,32462,33435,32086,32562,33530,33584,33649,34704,33545,34067
0.4130,32321,32398,32428,33407,32072,32553,33525,33557,33539,34565,33368,33865
0.4140,32390,32424,32416,33382,32005,32468,33248,33336,33296,34341,33187,33699
0.4150,32299,32367,32355,33321,31963,32435,33120,33178,33103,34138,32960,33460
0.4160,32315,32360,32336,33299,31902,32364,32847,32958,32910,33949,32815,33335
0.4170,32123,32225,32229,33210,31885,32370,32667,32761,32706,33737,32632,33160
0.4180,32194,32233,32201,33174,31802,32274,32297,32342,32150,33189,32147,32681
0.4190,32123,32153,32058,33024,31657,32128,31811,31870,31617,32658,31662,32208
0.4200,32074,32092,31979,32930,31520,31974,31507,31627,31484,32520,31493,32041
0.4210,31748,31900,31899,32882,31568,32063,31595,31683,31635,32647,31491,31988
0.4220,31949,31974,31952,32919,31515,31976,31511,31669,31712,32738,31604,32110
0.4230,31950,32014,32001,32966,31534,31987,31674,31796,31883,32915,31734,32227
0.4240,31841,31964,32008,32997,31621,32091,32025,32091,32178,33185,31871,32317
0.4250,32034,32074,32093,33067,31627,32074,32119,32257,32393,33414,32091,32543
0.4260,32033,32115,32147,33120,31688,32134,32136,32320,32507,33559,32321,32816
0.4270,32285,32280,32272,33226,31672,32066,32400,32519,32695,33742,32497,32984
0.4280,32238,32318,32343,33303,31744,32150,32719,32902,33215,34255,32965,33452
0.4290,32267,32386,32490,33463,31904,32321,33259,33403,33760,34796,33454,33921
0.4300,32416,32494,32607,33589,32004,32415,33511,33615,33858,34923,33630,34103
0.4310,32498,32560,32626,33604,32037,32448,33544,33639,33773,34830,33609,34111
0.4320,32545,32598,32626,33596,32029,32443,33546,33624,33694,34744,33546,34050
0.4330,32639,32653,32644,33598,31975,32363,33416,33499,33515,34558,33404,33927
0.4340,32421,32533,32556,33538,31994,32423,33302,33352,33300,34329,33164,33673
0.4350,32327,32424,32451,33446,31964,32420,33079,33161,33104,34130,32977,33492
0.4360,32267,32347,32360,33344,31916,32388,32970,33029,32956,33976,32775,33276
0.4370,32240,32305,32299,33285,31867,32337,32684,32794,32735,33769,32607,33118
0.4380,32193,32260,32241,33220,31816,32288,32371,32399,32193,33237,32125,32633
0.4390,32164,32182,32090,33057,31640,32101,31810,31891,31640,32685,31654,32197
0.4400,32026,32078,31985,32932,31523,31991,31635,31716,31551,32564,31451,31965
0.4410,31807,31933,31925,32905,31547,32036,31479,31639,31632,32657,31518,32033
0.4420,31932,31980,31967,32932,31518,31980,31666,31753,31771,32782,31561,32042
0.4430,31904,31986,31994,32970,31544,32002,31699,31847,31938,32970,31743,32224
0.4440,31877,31977,32014,32997,31604,32068,31916,32036,32156,33185,31911,32375
0.4450,31986,32051,32087,33068,31642,32097,32130,32243,32374,33412,32097,32550
0.4460,31863,32001,32076,33076,31746,32231,32266,32403,32553,33584,32288,32759
0.4470,31918,32018,32092,33093,31791,32285,32428,32565,32738,33782,32494,32970
0.4480,32220,32212,32214,33182,31754,32198,32858,33006,33295,34313,32933,33392
0.4490,32152,32278,32383,33362,31947,32397,33385,33516,33861,34879,33415,33842
0.4500,32207,32328,32473,33471,32085,32551,33578,33696,33946,35000,33609,34054
0.4510,32439,32460,32506,33490,32061,32506,33730,33780,33888,34943,33563,34008
0.4520,32207,32348,32427,33429,32132,32632,33521,33654,33748,34810,33536,34033
0.4530,32250,32330,32383,33381,32116,32626,33425,33516,33550,34609,33393,33910
0.4540,32430,32420,32392,33360,31999,32462,33398,33426,33368,34399,33146,33638
0.4550,32274,32349,32333,33300,31963,32438,33198,33260,33185,34213,32944,33425
0.4560,32431,32418,32358,33303,31853,32286,32900,33014,32965,34011,32794,33292
0.4570,32214,32310,32293,33264,31851,32302,32666,32777,32737,33780,32611,33130
0.4580,32197,32260,32234,33208,31790,32251,32370,32391,32190,33245,32117,32628
0.4590,32024,32100,32043,33012,31672,32159,31930,31962,31678,32718,31611,32124
0.4600,31946,31999,31913,32886,31557,32046,31665,31762,31596,32611,31437,31939
0.4610,31872,31953,31914,32879,31535,32018,31651,31770,31733,32738,31479,31953
0.4620,31947,31993,31967,32928,31510,31966,31552,31728,31795,32821,31601,32098
0.4630,31907,31992,31989,32955,31540,31994,31625,31785,31901,32962,31761,32262
0.4640,31849,31961,32010,32993,31615,32086,31879,31998,32128,33168,31936,32424
0.4650,31846,31954,32026,33025,31678,32162,31962,32126,32297,33353,32159,32671
0.4660,31873,31974,32045,33045,31741,32238,32162,32295,32463,33510,32324,32836
0.4670,31899,31998,32064,33064,31795,32297,32533,32597,32721,33742,32467,32933
0.4680,32066,32114,32147,33128,31801,32280,32801,32984,33275,34290,32962,33432
0.4690,32217,32285,32368,33339,31932,32380,33260,33426,33795,34824,33450,33911
0.4700,32114,32275,32420,33422,32115,32602,33493,33610,33869,34931,33642,34120
0.4710,32188,32283,32386,33395,32147,32654,33558,33650,33790,34848,33626,34129
0.4720,32355,32380,32409,33388,32099,32586,33503,33596,33673,34731,33553,34066
0.4730,32388,32427,32425,33389,32059,32535,33349,33447,33476,34532,33417,33953
0.4740,32217,32319,32345,33334,32061,32556,33190,33267,33238,34288,33209,33753
0.4750,32378,32378,32336,33296,31934,32399,33038,33105,33043,34077,32998,33533
0.4760,32288,32346,32311,33260,31889,32351,32991,33021,32924,33932,32762,33255
0.4770,32199,32275,32261,33227,31861,32333,32872,32908,32796,33798,32551,33015
0.4780,32188,32241,32215,33176,31803,32269,32355,32425,32221,33262,32121,32616
0.4790,32076,32121,32044,33019,31665,32136,31904,31953,31686,32731,31619,32126
0.4800,32068,32081,31969,32927,31519,31974,31635,31744,31592,32611,31450,31959
0.4810,31955,32030,31970,32925,31496,31947,31590,31725,31703,32711,31501,31991
0.4820,31884,31982,31978,32946,31527,31985,31667,31783,31813,32829,31566,32040
0.4830,31965,32024,32025,32994,31534,31976,31822,31929,32000,33018,31686,32135
0.4840,31770,31927,31995,32983,31639,32128,31859,32034,32186,33223,31931,32406
0.4850,31754,31886,31980,32994,31710,32221,32042,32190,32357,33399,32141,32623
0.4860,31777,31895,31985,32992,31779,32310,32164,32317,32492,33548,32331,32832
0.4870,31974,32017,32054,33045,31777,32276,32325,32473,32659,33714,32527,33043
0.4880,32019,32090,32125,33101,31818,32306,32691,32872,33192,34230,33002,33512
0.4890,32101,32203,32301,33281,31961,32436,33128,33310,33698,34745,33511,34025
0.4900,32535,32504,32540,33487,31993,32381,33370,33491,33755,34821,33673,34201
0.4910,32554,32593,32612,33558,32021,32409,33573,33609,33714,34773,33614,34120
0.4920,32486,32566,32594,33558,32043,32455,33568,33629,33678,34710,33537,34044
0.4930,32621,32630,32614,33565,31976,32368,33408,33493,33500,34540,33394,33908
0.4940,32401,32510,32531,33509,32002,32432,33248,33316,33274,34316,33184,33702
0.4950,32382,32447,32447,33427,31937,32381,33130,33176,33098,34122,32964,33467
0.4960,32520,32511,32460,33415,31834,32239,33010,33059,32972,33980,32752,33230
0.4970,32289,32392,32382,33357,31842,32279,32679,32801,32747,33781,32613,33116
0.4980,32193,32286,32290,33275,31811,32267,32320,32371,32173,33220,32133,32656
0.4990,32235,32235,32148,33114,31625,32070,31953,31967,31677,32705,31605,32115
0.5000,31913,32020,31966,32951,31560,32041,31612,31728,31577,32597,31452,31956
0.5010,31775,31897,31899,32894,31562,32066,31836,31875,31792,32767,31417,31849
0.5020,32096,32068,32012,32962,31473,31903,31658,31829,31874,32889,31561,32009
0.5030,32067,32120,32088,33035,31495,31909,31746,31896,32001,33038,31714,32178
0.5040,32181,32210,32182,33124,31506,31890,31940,32075,32210,33252,31916,32373
0.5050,31978,32125,32186,33162,31628,32050,32115,32254,32410,33449,32116,32583
0.5060,31925,32064,32160,33166,31717,32178,32367,32463,32601,33639,32260,32704
0.5070,32029,32113,32178,33179,31751,32217,32457,32608,32782,33830,32478,32942
0.5080,32084,32168,32231,33229,31796,32258,32753,32958,33282,34331,32974,33452
0.5090,32233,32315,32416,33398,31923,32369,33182,33372,33767,34830,33484,33971
0.5100,32399,32462,32552,33524,32019,32443,33393,33530,33806,34889,33663,34181
0.5110,32564,32585,32619,33583,32017,32418,33518,33591,33729,34797,33627,34152
0.5120,32431,32533,32580,33557,32061,32492,33646,33671,33699,34730,33513,34006
0.5130,32362,32460,32513,33510,32068,32530,33520,33581,33566,34592,33369,33857
0.5140,32481,32504,32490,33468,31984,32423,33286,33368,33326,34354,33164,33665
0.5150,32434,32481,32457,33424,31927,32366,32982,33108,33084,34130,32998,33536
0.5160,32329,32404,32388,33354,31887,32336,32897,32964,32907,33946,32800,33321
0.5170,32220,32314,32315,33291,31861,32327,32668,32761,32700,33749,32618,33137
0.5180,32276,32312,32278,33243,31772,32223,32375,32389,32165,33207,32102,32616
0.5190,32393,32343,32206,33135,31580,31974,31856,31916,31643,32685,31636,32160
0.5200,31988,32106,32039,32993,31533,31977,31590,31701,31555,32571,31474,31996
0.5210,31877,31986,31975,32952,31517,31986,31618,31724,31686,32693,31485,31971
0.5220,31866,31961,31982,32966,31542,32011,31700,31803,31821,32831,31552,32011
0.5230,31809,31920,31965,32965,31589,32073,31661,31840,31956,32988,31754,32239
0.5240,31762,31885,31956,32965,31653,32156,31777,31948,32119,33169,31966,32472
0.5250,32267,32187,32143,33097,31615,31982,32200,32258,32377,33401,32100,32564
0.5260,32054,32166,32186,33155,31683,32107,32211,32367,32531,33572,32317,32799
0.5270,32273,32292,32286,33240,31671,32064,32374,32522,32708,33757,32527,33025
0.5280,32055,32210,32292,33276,31804,32246,32848,32983,33275,34305,32960,33427
0.5290,32183,32299,32432,33425,31953,32404,33293,33454,33811,34836,33459,33921
0.5300,32276,32384,32515,33517,32072,32529,33561,33658,33899,34950,33629,34090
0.5310,32367,32433,32515,33515,32092,32551,33569,33664,33804,34867,33609,34100
0.5320,32472,32505,32527,33509,32058,32505,33609,33670,33728,34774,33526,34016
0.5330,32296,32412,32461,33460,32088,32564,33486,33558,33563,34606,33381,33872
0.5340,32209,32314,32354,33358,32068,32578,33223,33323,33298,34351,33182,33700
0.5350,32266,32309,32310,33298,31993,32491,33056,33136,33084,34134,32983,33507
0.5360,32179,32252,32241,33225,31935,32436,32833,32939,32899,33938,32816,33353
0.5370,32279,32295,32252,33200,31842,32317,32679,32755,32691,33737,32614,33137
0.5380,32219,32266,32226,33181,31793,32256,32330,32355,32138,33181,32127,32653
0.5390,31926,32036,31995,32982,31715,32215,31959,31966,31669,32685,31595,32101
0.5400,31899,31945,31869,32851,31576,32077,31727,31805,31625,32631,31425,31903
0.5410,31905,31950,31888,32848,31511,31992,31533,31706,31707,32721,31509,32000
0.5420,31852,31936,31930,32894,31543,32018,31562,31708,31770,32810,31601,32099
0.5430,31789,31895,31927,32909,31592,32073,31766,31874,31957,32987,31732,32207
0.5440,31951,31994,32007,32981,31594,32056,31919,32051,32177,33210,31934,32400
0.5450,31773,31922,31996,32996,31711,32208,32140,32258,32399,33423,32113,32577
0.5460,31956,32013,32058,33048,31726,32211,32268,32406,32561,33598,32310,32778
0.5470,32032,32094,32126,33111,31758,32229,32320,32502,32701,33758,32536,33042
0.5480,32045,32131,32181,33155,31811,32285,32744,32918,33236,34279,33008,33506
0.5490,32140,32245,32361,33342,31966,32434,33319,33440,33791,34822,33454,33919
0.5500,32194,32310,32447,33442,32107,32584,33683,33732,33939,34975,33583,34020
0.5510,32448,32457,32497,33474,32064,32510,33632,33731,33854,34905,33597,34071
0.5520,32566,32573,32556,33503,32026,32443,33557,33661,33742,34797,33541,34034
0.5530,32566,32603,32579,33524,32001,32407,33379,33489,33522,34582,33408,33936
0.5540,32294,32431,32468,33446,32029,32487,33231,33305,33276,34328,33182,33711
0.5550,32328,32390,32394,33378,31959,32424,32995,33093,33053,34101,32997,33539
0.5560,32179,32283,32304,33296,31947,32435,32837,32923,32872,33911,32816,33354
0.5570,32339,32340,32300,33266,31832,32285,32677,32752,32685,33722,32618,33143
0.5580,32254,32308,32265,33228,31790,32238,32234,32295,32098,33149,32140,32688
0.5590,32324,32296,32162,33100,31591,32003,31819,31858,31587,32627,31641,32189
0.5600,31987,32087,32007,32971,31527,31976,31560,31666,31514,32533,31485,32016
0.5610,32012,32066,32015,32972,31480,31920,31654,31734,31682,32676,31472,31952
0.5620,32016,32079,32061,33028,31496,31921,31673,31786,31808,32817,31555,32014
0.5630,31932,32036,32054,33031,31531,31969,31647,31826,31941,32981,31752,32240
0.5640,32218,32205,32176,33126,31508,31882,31865,32001,32144,33184,31944,32431
0.5650,32100,32204,32233,33196,31591,31995,32015,32160,32327,33376,32152,32652
0.5660,32029,32162,32238,33216,31697,32133,32214,32335,32489,33542,32322,32812
0.5670,32107,32191,32252,33246,31737,32179,32414,32540,32709,33749,32515,33005
0.5680,32227,32283,32322,33305,31764,32189,32857,33000,33288,34309,32974,33443
0.5690,32209,32337,32463,33453,31935,32372,33241,33419,33788,34833,33493,33960
0.5700,32309,32417,32550,33547,32059,32508,33531,33628,33868,34920,33631,34107
0.5710,32499,32531,32585,33568,32055,32484,33487,33606,33759,34826,33641,34161
0.5720,32390,32487,32543,33536,32080,32532,33537,33606,33674,34722,33551,34067
0.5730,32445,32498,32516,33497,32041,32491,33371,33460,33477,34524,33398,33933
0.5740,32366,32443,32460,33447,32022,32485,33288,33329,33274,34309,33170,33686
0.5750,32222,32326,32351,33348,32000,32487,33186,33225,33134,34148,32941,33431
0.5760,32267,32314,32300,33287,31920,32402,32883,32990,32932,33963,32785,33289
0.5770,32248,32299,32274,33248,31867,32336,32754,32827,32756,33783,32591,33088
0.5780,32364,32353,32282,33231,31750,32178,32436,32443,32206,33237,32078,32566
0.5790,32252,32269,32151,33098,31603,32030,31943,31990,31710,32738,31594,32091
0.5800,32114,32159,32062,33011,31501,31925,31636,31757,31621,32636,31449,31949
0.5810,31962,32062,32028,32994,31505,31946,31532,31690,31693,32720,31516,32017
0.5820,31870,31986,32006,32984,31543,32003,31652,31764,31800,32830,31584,32065
0.5830,31882,31972,32005,32992,31557,32021,31705,31858,31960,32993,31758,32248
0.5840,32110,32120,32114,33075,31543,31964,31775,31950,32114,33168,31974,32481
0.5850,32002,32112,32161,33139,31646,32081,31938,32098,32285,33344,32180,32704
0.5860,31877,32029,32123,33129,31752,32232,32275,32354,32491,33529,32318,32807
0.5870,32113,32148,32190,33180,31738,32191,32497,32594,32730,33750,32485,32956
0.5880,32016,32135,32212,33202,31832,32310,32881,33036,33322,34327,32968,33423
0.5890,32022,32172,32326,33341,32012,32505,33230,33430,33816,34847,33498,33972
0.5900,32338,32376,32468,33461,32062,32525,33593,33662,33896,34952,33610,34068
0.5910,32283,32381,32459,33460,32125,32604,33554,33661,33795,34850,33623,34122
0.5920,32495,32495,32504,33471,32057,32503,33558,33638,33709,34752,33536,34044
0.5930,32416,32478,32490,33464,32053,32502,33458,33529,33536,34572,33380,33892
0.5940,32511,32526,32497,33453,31974,32405,33266,33338,33300,34339,33165,33678
0.5950,32375,32451,32434,33402,31953,32396,33082,33160,33105,34138,32971,33486
0.5960,32329,32392,32371,33337,31891,32340,32998,33046,32968,33981,32766,33251
0.5970,32134,32254,32271,33259,31888,32372,32758,32843,32768,33793,32577,33067
0.5980,32230,32264,32234,33199,31796,32266,32332,32379,32174,33224,32102,32608
0.5990,32005,32082,32023,33005,31685,32176,31831,31897,31640,32695,31630,32156
0.6000,32131,32106,31987,32931,31503,31952,31588,31698,31564,32585,31465,31985
0.6010,31989,32060,32004,32953,31495,31939,31736,31800,31741,32733,31457,31923
0.6020,31803,31941,31966,32943,31555,32025,31676,31816,31848,32865,31575,32031
0.6030,31906,31977,31998,32978,31564,32027,31702,31870,31976,33010,31748,32227
0.6040,31916,32000,32022,33010,31601,32066,31820,31988,32152,33198,31973,32472
0.6050,32197,32190,32174,33121,31589,31994,32005,32151,32326,33381,32166,32667
0.6060,32167,32232,32242,33199,31638,32042,32081,32254,32445,33510,32364,32904
0.6070,32312,32341,32346,33299,31663,32040,32340,32456,32633,33689,32539,33062
0.6080,32156,32287,32367,33353,31786,32201,32750,32910,33218,34249,33022,33532
0.6090,32292,32396,32512,33495,31921,32346,33105,33303,33694,34742,33538,34061
0.6100,32324,32441,32580,33579,32058,32495,33427,33522,33772,34830,33670,34187
0.6110,32396,32476,32559,33560,32078,32524,33545,33599,33714,34769,33627,34138
0.6120,32446,32508,32547,33536,32067,32517,33536,33596,33641,34678,33534,34042
0.6130,32397,32476,32511,33499,32063,32524,33390,33473,33482,34521,33391,33910
0.6140,32263,32371,32408,33408,32059,32549,33245,33305,33250,34300,33181,33701
0.6150,32253,32320,32329,33316,31991,32490,33038,33116,33055,34090,32967,33488
0.6160,32243,32297,32276,33249,31913,32402,32913,32977,32904,33923,32769,33278
0.6170,32101,32201,32214,33198,31904,32406,32775,32835,32750,33765,32571,33060
0.6180,32021,32111,32120,33110,31867,32386,32389,32411,32177,33216,32078,32569
0.6190,32026,32046,31958,32929,31687,32195,31757,31869,31628,32670,31634,32184
0.6200,31929,31968,31868,32831,31557,32054,31627,31713,31567,32583,31463,31981
0.6210,31896,31954,31903,32859,31525,32003,31561,31694,31672,32689,31511,32005
0.6220,31944,31994,31966,32922,31524,31975,31616,31744,31782,32800,31587,32078
0.6230,32130,32126,32072,33011,31488,31888,31706,31847,31943,32977,31749,32238
0.6240,31899,32038,32076,33048,31599,32037,31865,32006,32152,33198,31957,32440
0.6250,31932,32039,32099,33083,31666,32124,32062,32190,32342,33382,32138,32623
0.6260,32047,32111,32160,33147,31705,32156,32219,32351,32510,33556,32334,32824
0.6270,32042,32131,32191,33176,31761,32219,32415,32543,32716,33764,32528,33018
0.6280,32021,32132,32210,33213,31837,32312,32815,32977,33279,34306,33000,33478
0.6290,32186,32275,32385,33377,31966,32433,33272,33434,33799,34831,33489,33962
0.6300,32290,32380,32488,33478,32072,32535,33591,33669,33895,34940,33621,34081
0.6310,32245,32354,32453,33463,32133,32619,33598,33684,33803,34866,33609,34092
0.6320,32355,32407,32453,33445,32109,32593,33586,33662,33718,34763,33513,34005
0.6330,32346,32408,32430,33411,32082,32566,33369,33481,33507,34568,33398,33920
0.6340,32377,32415,32403,33367,32009,32481,33244,33314,33276,34317,33182,33705
0.6350,32275,32348,32347,33319,31977,32453,33130,33177,33104,34126,32940,33447
0.6360,32328,32360,32323,33286,31902,32363,32873,32973,32921,33953,32786,33294
0.6370,32258,32318,32287,33252,31853,32313,32768,32829,32743,33768,32580,33074
0.6380,32250,32293,32251,33201,31777,32230,32376,32402,32168,33203,32068,32565
0.6390,32202,32218,32116,33061,31618,32059,31890,31938,31667,32700,31583,32090
0.6400,32132,32159,32047,32984,31495,31927,31640,31749,31607,32624,31447,31946
0.6410,31930,32038,32010,32969,31509,31953,31582,31721,31715,32732,31507,31997
0.6420,32033,32078,32054,33014,31492,31920,31554,31708,31771,32814,31606,32101
0.6430,32095,32138,32117,33073,31497,31906,31766,31878,31966,32996,31732,32208
0.6440,31988,32103,32141,33114,31582,32011,31840,32005,32157,33196,31960,32454
0.6450,32093,32160,32198,33171,31622,32042,32143,32242,32383,33420,32124,32586
0.6460,31997,32121,32190,33181,31707,32157,32236,32382,32540,33582,32320,32800
0.6470,32146,32204,32239,33221,31721,32160,32365,32518,32711,33766,32532,33030
0.6480,32082,32199,32273,33259,31816,32272,32849,32996,33299,34326,33001,33479
0.6490,32122,32257,32402,33405,31982,32449,33214,33400,33780,34822,33506,33989
0.6500,32255,32353,32490,33497,32101,32572,33418,33543,33808,34884,33661,34174
0.6510,32295,32378,32467,33471,32124,32605,33671,33688,33780,34834,33582,34060
0.6520,32542,32524,32514,33485,32034,32473,33658,33711,33742,34768,33496,33970
0.6530,32338,32444,32481,33457,32074,32539,33504,33578,33573,34601,33341,33821
0.6540,32364,32420,32426,33411,32026,32495,33251,33349,33322,34365,33165,33665
0.6550,32478,32476,32419,33379,31913,32345,33070,33152,33104,34145,32966,33476
0.6560,32359,32423,32389,33350,31885,32322,32892,32974,32918,33950,32771,33283
0.6570,32553,32521,32441,33378,31785,32159,32720,32803,32738,33766,32590,33096
0.6580,32193,32331,32324,33290,31803,32239,32333,32361,32138,33185,32082,32591
0.6590,32041,32127,32078,33068,31668,32143,31903,31940,31657,32683,31592,32101
0.6600,31899,31982,31933,32913,31570,32066,31588,31712,31580,32593,31453,31966
0.6610,31811,31910,31907,32891,31564,32067,31558,31695,31687,32702,31510,32006
0.6620,31662,31805,31850,32851,31614,32146,31528,31689,31757,32787,31619,32130
0.6630,31753,31827,31860,32864,31614,32130,31662,31799,31908,32944,31762,32267
0.6640,31804,31884,31917,32909,31654,32164,31808,31958,32108,33157,31975,32479
0.6650,31966,32006,32017,32982,31663,32138,31927,32091,32269,33326,32178,32703
0.6660,31967,32044,32077,33049,31706,32175,32243,32331,32470,33511,32318,32809
0.6670,31992,32079,32126,33100,31768,32237,32332,32483,32664,33704,32533,33047
0.6680,32129,32181,32214,33179,31793,32248,32745,32917,33238,34270,33024,33521
0.6690,32232,32319,32411,33378,31935,32374,33344,33457,33793,34814,33464,33922
0.6700,32347,32433,32531,33505,32048,32483,33396,33552,33812,34869,33657,34165
0.6710,32304,32407,32497,33493,32104,32568,33469,33562,33704,34783,33640,34165
0.6720,32419,32466,32505,33486,32086,32549,33654,33664,33683,34705,33498,33986
0.6730,32446,32489,32496,33469,32047,32499,33487,33554,33539,34563,33354,33845
0.6740,32368,32439,32445,33422,32017,32476,33325,33382,33327,34354,33130,33613
0.6750,32455,32470,32427,33389,31927,32365,33115,33192,33132,34165,32940,33428
0.6760,32344,32415,32384,33344,31889,32333,33021,33076,32995,34008,32747,33223
0.6770,32292,32359,32341,33308,31853,32306,32714,32825,32768,33798,32590,33087
0.6780,32201,32280,32270,33241,31816,32277,32355,32384,32165,33218,32077,32575
0.6790,32086,32133,32064,33034,31650,32125,31925,31958,31682,32718,31583,32084
0.6800,31879,31973,31923,32900,31581,32080,31645,31760,31621,32631,31448,31948
0.6810,31753,31868,31868,32860,31581,32095,31684,31786,31757,32763,31474,31938
0.6820,31746,31842,31865,32858,31597,32112,31697,31825,31858,32871,31574,32032
0.6830,31725,31828,31863,32863,31635,32154,31790,31929,32026,33059,31737,32194
0.6840,31912,31945,31944,32914,31611,32099,31891,32051,32205,33247,31948,32419
0.6850,32079,32097,32083,33027,31616,32057,32023,32182,32360,33414,32167,32667
0.6860,31945,32067,32124,33094,31730,32189,32351,32431,32568,33601,32299,32763
0.6870,31931,32048,32120,33107,31791,32280,32491,32617,32779,33808,32503,32974
0.6880,32233,32236,32252,33217,31779,32215,32895,33058,33367,34386,32990,33446
0.6890,32195,32312,32414,33389,31949,32392,33428,33555,33902,34923,33451,33877
0.6900,32134,32296,32458,33468,32131,32615,33500,33649,33912,34983,33645,34113
0.6910,32498,32484,32521,33495,32069,32511,33441,33581,33752,34843,33650,34185
0.6920,32247,32375,32443,33439,32119,32607,33501,33571,33645,34705,33549,34078
0.6930,32351,32405,32429,33408,32072,32556,33414,33478,33484,34523,33386,33913
0.6940,32573,32533,32474,33420,31957,32377,33441,33428,33330,34352,33109,33579
0.6950,32475,32517,32468,33413,31912,32329,33079,33188,33120,34146,32954,33449
0.6960,32302,32397,32390,33357,31902,32343,32911,32997,32937,33961,32768,33268
0.6970,32321,32372,32349,33312,31834,32275,32682,32782,32725,33760,32599,33111
0.6980,32188,32276,32269,33240,31807,32266,32323,32349,32130,33173,32077,32592
0.6990,32136,32167,32090,33062,31640,32102,31801,31870,31611,32652,31614,32148
0.7000,32096,32119,32018,32975,31515,31961,31469,31618,31511,32543,31487,32036
0.7010,31850,31975,31965,32937,31540,32016,31471,31606,31607,32641,31548,32074
0.7020,31900,31983,31982,32949,31537,32008,31628,31720,31743,32757,31598,32094
0.7030,31940,32007,32020,32992,31551,32007,31677,31819,31919,32945,31765,32260
0.7040,32036,32085,32088,33053,31568,31999,31771,31936,32097,33138,31985,32494
0.7050,32279,32267,32241,33187,31579,31946,32034,32145,32296,33346,32162,32657
0.7060,32375,32389,32366,33293,31599,31937,32218,32338,32480,33520,32338,32833
0.7070,32085,32254,32334,33317,31738,32148,32392,32523,32689,33729,32534,33030
0.7080,32016,32170,32290,33305,31838,32297,32906,33031,33314,34324,32986,33446
0.7090,32291,32358,32473,33467,31930,32372,33246,33431,33798,34831,33497,33967
0.7100,32281,32407,32546,33547,32078,32534,33552,33639,33871,34923,33625,34096
0.7110,32364,32442,32526,33524,32107,32572,33507,33615,33754,34829,33625,34130
0.7120,32439,32490,32516,33500,32078,32540,33485,33577,33652,34702,33551,34079
0.7130,32462,32510,32513,33493,32050,32499,33408,33474,33476,34515,33384,33904
0.7140,32385,32456,32462,33443,32023,32482,33227,33293,33248,34280,33163,33683
0.7150,32292,32373,32374,33355,31975,32448,33113,33161,33086,34110,32941,33446
0.7160,32231,32306,32305,33286,31922,32406,32904,32985,32920,33943,32765,33267
0.7170,32088,32197,32217,33205,31916,32424,32743,32814,32737,33761,32563,33053
0.7180,32071,32138,32130,33117,31846,32353,32371,32389,32154,33191,32045,32536
0.7190,32080,32086,31987,32959,31658,32149,31740,31846,31610,32664,31616,32157
0.7200,32030,32045,31932,32886,31524,31990,31642,31719,31573,32593,31440,31945
0.7210,31756,31893,31885,32860,31569,32069,31656,31762,31728,32729,31479,31952
0.7220,31769,31863,31884,32869,31578,32078,31633,31775,31816,32832,31583,32058
0.7230,31802,31883,31910,32899,31608,32102,31728,31872,31975,33009,31755,32232
0.7240,31877,31945,31964,32949,31628,32110,31991,32100,32217,33240,31925,32378
0.7250,32138,32128,32111,33069,31612,32030,32192,32306,32439,33453,32098,32543
0.7260,32023,32128,32156,33124,31689,32127,32281,32430,32591,33633,32304,32762
0.7270,32126,32193,32225,33196,31732,32165,32386,32554,32750,33799,32532,33025
0.7280,32112,32214,32272,33248,31804,32251,32887,33038,33350,34371,33001,33470
0.7290,32342,32401,32481,33448,31915,32335,33248,33430,33809,34864,33499,33968
0.7300,32349,32456,32572,33553,32047,32478,33530,33629,33868,34931,33627,34104
0.7310,32305,32416,32515,33526,32108,32567,33551,33644,33774,34843,33618,34117
0.7320,32388,32448,32494,33496,32094,32559,33584,33644,33693,34737,33512,34012
0.7330,32436,32483,32488,33461,32048,32508,33422,33503,33507,34546,33373,33884
0.7340,32391,32451,32451,33420,32011,32471,33195,33289,33264,34305,33174,33704
0.7350,32377,32422,32402,33369,31937,32391,33006,33088,33042,34094,32980,33510
0.7360,32336,32393,32365,33326,31891,32341,32833,32917,32863,33904,32794,33324
0.7370,32188,32285,32289,33270,31877,32346,32629,32716,32657,33703,32607,33132
0.7380,32326,32330,32274,33228,31759,32197,32241,32270,32042,33097,32087,32619
0.7390,32172,32208,32108,33066,31613,32056,31796,31839,31567,32596,31598,32140
0.7400,32071,32120,32029,32982,31510,31954,31491,31627,31507,32521,31484,32031
0.7410,31930,32027,32003,32968,31510,31964,31509,31635,31630,32643,31533,32048
0.7420,32082,32109,32077,33032,31487,31901,31628,31726,31750,32776,31597,32081
0.7430,32027,32105,32104,33071,31519,31936,31635,31801,31906,32942,31783,32285
0.7440,31733,31933,32032,33046,31664,32153,31748,31919,32088,33134,31995,32520
0.7450,32021,32057,32099,33089,31648,32107,32009,32122,32281,33331,32173,32676
0.7460,32036,32113,32154,33139,31698,32153,32114,32263,32433,33485,32362,32892
0.7470,32268,32275,32279,33239,31697,32105,32424,32518,32674,33709,32527,33025
0.7480,32105,32234,32306,33293,31816,32256,32874,33018,33307,34316,33015,33487
0.7490,32185,32312,32446,33440,31984,32433,33224,33408,33780,34813,33517,34001
0.7500,32491,32513,32595,33567,32029,32440,33503,33593,33820,34885,33640,34119
0.7510,32484,32551,32609,33582,32063,32481,33445,33564,33706,34772,33638,34166
0.7520,32472,32544,32585,33559,32060,32493,33473,33544,33610,34666,33547,34075
0.7530,32537,32575,32576,33540,32010,32433,33311,33399,33416,34468,33395,33944
0.7540,32358,32461,32489,33479,32022,32474,33184,33246,33207,34246,33169,33706
0.7550,32332,32403,32405,33388,31960,32426,33123,33147,33052,34074,32935,33437
0.7560,32396,32421,32382,33344,31866,32309,32866,32956,32883,33912,32771,33277
0.7570,32174,32289,32308,33288,31890,32360,32776,32824,32723,33739,32549,33033
0.7580,32091,32183,32190,33181,31829,32323,32281,32334,32114,33155,32053,32559
0.7590,32157,32157,32050,33002,31631,32107,31764,31838,31589,32639,31602,32137
0.7600,32284,32230,32066,32977,31461,31858,31690,31754,31597,32596,31425,31920
0.7610,31847,32016,32013,32974,31546,32003,31575,31717,31705,32717,31500,31981
0.7620,32071,32093,32060,33016,31481,31904,31696,31801,31831,32845,31565,32030
0.7630,32072,32132,32124,33073,31514,31924,31823,31943,32027,33041,31718,32165
0.7640,31913,32054,32110,33089,31618,32065,31957,32097,32229,33258,31933,32383
0.7650,31822,31975,32072,33083,31705,32194,32149,32277,32430,33466,32120,32574
0.7660,32138,32147,32171,33150,31677,32119,32202,32374,32554,33613,32340,32827
0.7670,32053,32154,32207,33186,31755,32212,32426,32559,32738,33789,32521,33011
0.7680,32205,32256,32293,33268,31786,32223,32922,33060,33361,34380,33002,33461
0.7690,32355,32426,32501,33461,31908,32321,33389,33534,33886,34906,33474,33915
0.7700,32382,32488,32603,33577,32047,32467,33518,33648,33896,34953,33632,34105
0.7710,32334,32450,32552,33550,32115,32570,33787,33796,33873,34903,33529,33973
0.7720,32468,32505,32539,33525,32071,32520,33644,33734,33784,34815,33480,33940
0.7730,32472,32522,32529,33501,32033,32480,33527,33602,33601,34635,33329,33798
0.7740,32401,32471,32482,33461,32010,32460,33543,33542,33451,34448,33052,33486
0.7750,32387,32437,32426,33396,31953,32406,33056,33210,33190,34231,32942,33428
0.7760,32227,32325,32333,33316,31923,32396,32931,33017,32977,34018,32755,33247
0.7770,32265,32316,32302,33275,31862,32326,32734,32824,32769,33804,32564,33061
0.7780,32229,32281,32244,33210,31788,32248,32322,32356,32135,33195,32041,32543
0.7790,32282,32260,32127,33072,31587,32013,31976,31986,31684,32715,31534,32017
0.7800,32067,32132,32038,32984,31505,31939,31716,31818,31667,32672,31410,31881
0.7810,31963,32053,32022,32985,31496,31939,31610,31768,31770,32783,31493,31967
0.7820,32006,32069,32056,33021,31493,31921,31595,31752,31826,32867,31603,32090
0.7830,31919,32023,32056,33040,31557,32001,31669,31830,31954,33007,31776,32272
0.7840,32157,32168,32155,33123,31544,31947,31844,31995,32153,33203,31974,32474
0.7850,32228,32267,32264,33218,31582,31964,32091,32203,32354,33402,32152,32633
0.7860,32001,32161,32239,33230,31711,32144,32129,32304,32486,33535,32363,32890
0.7870,32226,32267,32305,33276,31706,32123,32355,32490,32681,33733,32560,33075
0.7880,32201,32293,32353,33337,31783,32204,32743,32923,33251,34294,33070,33578
0.7890,32466,32507,32582,33538,31885,32264,33210,33370,33734,34784,33536,34033
0.7900,32286,32455,32602,33603,32071,32502,33451,33548,33780,34847,33651,34153
0.7910,32461,32519,32595,33588,32066,32502,33648,33679,33760,34795,33582,34069
0.7920,32469,32535,32584,33574,32070,32511,33566,33642,33688,34720,33510,34004
0.7930,32350,32455,32504,33503,32078,32546,33433,33506,33504,34547,33358,33855
0.7940,32543,32539,32510,33472,31974,32403,33198,33290,33259,34303,33162,33678
0.7950,32403,32473,32454,33415,31932,32373,32974,33071,33029,34081,32970,33503
0.7960,32257,32362,32365,33342,31920,32388,32915,32962,32894,33917,32759,33264
0.7970,32528,32484,32413,33353,31794,32183,32775,32825,32729,33743,32542,33030
0.7980,32316,32393,32356,33308,31761,32178,32282,32330,32100,33145,32040,32547
0.7990,32117,32193,32130,33104,31636,32087,31882,31916,31639,32665,31556,32065
0.8000,31844,31974,31950,32945,31594,32091,31554,31694,31576,32588,31462,31977
0.8010,31855,31935,31929,32915,31558,32050,31501,31656,31668,32687,31526,32038
0.8020,31802,31900,31921,32910,31581,32076,31474,31640,31722,32761,31635,32159
0.8030,31678,31817,31879,32887,31642,32168,31708,31815,31909,32944,31764,32260
0.8040,31860,31912,31939,32929,31636,32139,32065,32124,32209,33210,31898,32342
0.8050,32045,32067,32067,33029,31633,32090,32032,32212,32375,33412,32155,32631
0.8060,31943,32056,32109,33091,31734,32201,32177,32332,32513,33564,32344,32846
0.8070,31972,32069,32126,33120,31784,32261,32502,32594,32750,33786,32506,32979
0.8080,32150,32191,32229,33206,31810,32266,32799,32998,33332,34362,33048,33527
0.8090,32228,32326,32423,33394,31965,32416,33213,33399,33785,34827,33527,34020
0.8100,32197,32337,32471,33464,32112,32587,33458,33557,33794,34870,33648,34148
0.8110,32152,32281,32396,33415,32168,32683,33494,33584,33715,34780,33623,34146
0.8120,32264,32322,32374,33383,32138,32649,33428,33523,33595,34656,33550,34091
0.8130,32292,32342,32363,33354,32097,32599,33467,33492,33466,34494,33345,33856
0.8140,32184,32274,32290,33274,32071,32593,33334,33367,33289,34307,33109,33599
0.8150,32269,32295,32267,33230,31975,32474,33038,33138,33085,34109,32944,33446
0.8160,32434,32404,32323,33251,31860,32297,32869,32956,32897,33923,32765,33277
0.8170,32268,32338,32308,33252,31846,32287,32680,32762,32694,33736,32577,33081
0.8180,32221,32282,32250,33208,31797,32243,32272,32302,32071,33119,32048,32566
0.8190,31870,31996,31966,32960,31708,32224,31789,31851,31588,32616,31580,32113
0.8200,31844,31907,31848,32826,31582,32099,31623,31717,31575,32574,31429,31933
0.8210,31994,31997,31920,32873,31502,31967,31589,31717,31699,32701,31494,31979
0.8220,31977,32030,31986,32928,31499,31938,31599,31740,31789,32810,31593,32073
0.8230,32083,32112,32078,33016,31494,31903,31626,31801,31929,32971,31780,32290
0.8240,31998,32101,32124,33092,31585,32005,31886,32005,32148,33187,31962,32451
0.8250,32082,32152,32182,33151,31617,32033,32117,32221,32359,33389,32139,32610
0.8260,32058,32159,32211,33188,31686,32118,32248,32383,32538,33569,32322,32807
0.8270,31915,32069,32171,33184,31800,32280,32399,32544,32723,33762,32533,33025
0.8280,32038,32123,32212,33220,31845,32328,32777,32966,33305,34340,33056,33548
0.8290,32278,32332,32421,33403,31948,32397,33248,33407,33778,34817,33522,34005
0.8300,32328,32419,32525,33520,32072,32516,33414,33536,33781,34852,33655,34166
0.8310,32491,32523,32561,33540,32063,32491,33569,33625,33734,34781,33602,34110
0.8320,32506,32553,32565,33534,32039,32470,33493,33577,33630,34679,33527,34040
0.8330,32556,32588,32581,33536,32000,32414,33320,33415,33428,34476,33381,33914
0.8340,32409,32501,32509,33482,32000,32435,33282,33313,33247,34273,33123,33631
0.8350,32352,32425,32422,33401,31949,32404,33058,33131,33061,34089,32932,33440
0.8360,32309,32377,32368,33339,31904,32365,32857,32942,32880,33913,32766,33273
0.8370,32325,32369,32343,33307,31837,32283,32652,32742,32675,33711,32578,33090
0.8380,32118,32229,32231,33213,31824,32296,32195,32245,32029,33088,32058,32596
0.8390,32164,32167,32070,33034,31622,32085,31857,31875,31593,32623,31562,32079
0.8400,32036,32080,31989,32951,31526,31985,31705,31774,31609,32612,31418,31895
0.8410,31791,31929,31930,32912,31567,32059,31694,31801,31761,32754,31467,31916
0.8420,31833,31919,31933,32920,31575,32061,31543,31734,31816,32847,31617,32105
0.8430,32102,32083,32039,32994,31516,31940,31722,31854,31968,33001,31764,32249
0.8440,32097,32149,32140,33089,31550,31955,31862,32008,32155,33197,31977,32465
0.8450,32051,32148,32185,33154,31628,32047,31978,32139,32319,33371,32169,32677
0.8460,32040,32148,32205,33187,31698,32136,32110,32262,32446,33509,32363,32885
0.8470,32020,32135,32211,33199,31766,32227,32408,32510,32673,33717,32536,33039
0.8480,31976,32108,32210,33217,31864,32353,32819,32985,33305,34328,33054,33544
0.8490,32229,32299,32402,33390,31972,32438,33376,33488,33821,34842,33482,33932
0.8500,32294,32386,32506,33502,32093,32551,33420,33570,33817,34882,33660,34161
0.8510,32544,32543,32561,33525,32049,32469,33563,33626,33744,34797,33604,34103
0.8520,32381,32482,32532,33515,32095,32546,33545,33609,33655,34694,33505,34008
0.8530,32463,32503,32508,33488,32034,32477,33337,33436,33451,34497,33362,33889
0.8540,32336,32425,32442,33429,32019,32480,33175,33246,33209,34260,33151,33678
0.8550,32547,32520,32455,33403,31889,32302,33012,33084,33029,34062,32950,33474
0.8560,32219,32350,32367,33343,31924,32381,32803,32895,32839,33873,32775,33309
0.8570,32115,32225,32245,33239,31893,32384,32686,32745,32660,33684,32552,33062
0.8580,32230,32248,32213,33182,31775,32238,32339,32337,32075,33104,31994,32490
0.8590,32114,32144,32050,33013,31622,32087,31895,31933,31646,32661,31532,32030
0.8600,31973,32036,31955,32915,31535,32008,31645,31755,31617,32619,31411,31894
0.8610,31886,31972,31943,32907,31517,31986,31487,31668,31689,32716,31516,32015
0.8620,31837,31934,31949,32932,31546,32021,31528,31679,31753,32788,31617,32127
0.8630,31882,31957,31975,32955,31573,32044,31797,31888,31970,32993,31737,32215
0.8640,31893,31976,32011,32996,31610,32076,31963,32082,32203,33228,31932,32390
0.8650,31932,32020,32062,33048,31667,32134,32077,32227,32384,33419,32136,32610
0.8660,31973,32058,32107,33090,31720,32188,32326,32433,32574,33605,32292,32758
0.8670,32273,32257,32243,33199,31693,32097,32584,32679,32818,33843,32474,32914
0.8680,32078,32213,32282,33265,31827,32269,32869,33075,33409,34434,33029,33480
0.8690,32449,32462,32529,33490,31903,32285,33299,33477,33864,34908,33505,33965
0.8700,32378,32497,32607,33586,32046,32461,33430,33569,33828,34911,33642,34144
0.8710,32379,32481,32570,33557,32094,32540,33652,33684,33779,34842,33569,34051
0.8720,32345,32441,32507,33503,32098,32569,33652,33701,33731,34763,33466,33938
0.8730,32389,32448,32471,33453,32056,32528,33362,33485,33509,34563,33354,33865
0.8740,32290,32380,32398,33382,32031,32519,33197,33279,33252,34308,33136,33655
0.8750,32270,32338,32342,33327,31995,32487,33013,33096,33048,34097,32958,33482
0.8760,32179,32265,32269,33248,31958,32459,32870,32942,32873,33908,32759,33274
0.8770,32462,32404,32315,33257,31798,32214,32703,32774,32689,33719,32561,33068
0.8780,32338,32380,32308,33244,31745,32164,32254,32293,32055,33100,32036,32553
0.8790,31970,32094,32053,33034,31677,32157,31856,31887,31610,32646,31548,32058
0.8800,31975,32018,31945,32914,31536,32015,31614,31726,31592,32601,31436,31937
0.8810,31857,31953,31937,32909,31540,32025,31504,31666,31677,32697,31519,32023
0.8820,31750,31876,31902,32896,31583,32080,31625,31738,31787,32813,31592,32076
0.8830,31899,31946,31955,32931,31564,32038,31787,31897,31984,33010,31728,32196
0.8840,31847,31951,31991,32978,31635,32116,31935,32071,32207,33236,31941,32408
0.8850,31852,31957,32020,33015,31704,32197,32087,32224,32382,33434,32146,32614
0.8860,32073,32099,32113,33081,31688,32145,32211,32363,32531,33587,32343,32830
0.8870,31911,32045,32114,33104,31788,32276,32562,32640,32781,33806,32486,32949
0.8880,31980,32079,32162,33154,31858,32354,32831,33038,33373,34407,33052,33524
0.8890,32266,32307,32391,33364,31949,32400,33433,33546,33882,34898,33471,33910
0.8900,32286,32383,32486,33470,32065,32517,33583,33688,33912,34960,33604,34063
0.8910,32684,32623,32615,33563,32026,32394,33625,33707,33821,34883,33582,34053
0.8920,32735,32728,32684,33616,31980,32327,33520,33625,33700,34751,33507,34012
0.8930,32431,32567,32612,33584,32039,32450,33379,33468,33482,34536,33350,33865
0.8940,32340,32449,32484,33476,32014,32469,33291,33334,33281,34319,33116,33614
0.8950,32310,32384,32400,33392,31962,32430,33100,33171,33101,34130,32914,33407
0.8960,32285,32350,32341,33321,31902,32376,32846,32952,32901,33942,32760,33270
0.8970,32071,32199,32222,33219,31902,32405,32791,32836,32746,33762,32525,33010
0.8980,32144,32184,32166,33148,31800,32291,32218,32286,32064,33127,32025,32541
0.8990,32016,32063,31987,32960,31665,32163,31694,31794,31566,32615,31593,32152
0.9000,32088,32076,31950,32891,31497,31952,31610,31688,31552,32569,31446,31963
0.9010,31839,31955,31934,32897,31523,31997,31533,31676,31671,32680,31513,32018
0.9020,32005,32037,32010,32958,31500,31938,31482,31653,31730,32775,31630,32151
0.9030,31824,31956,31997,32974,31588,32052,31767,31860,31943,32970,31751,32234
0.9040,31858,31956,32008,32995,31625,32100,31933,32058,32181,33204,31955,32431
0.9050,31989,32048,32084,33063,31661,32122,31956,32140,32317,33362,32179,32691
0.9060,32080,32135,32164,33137,31692,32139,32196,32315,32482,33533,32345,32849
0.9070,31970,32097,32162,33153,31778,32250,32519,32603,32747,33765,32512,32989
0.9080,32047,32140,32215,33204,31839,32314,32890,33063,33378,34387,33047,33510
0.9090,32119,32239,32370,33361,31998,32475,33302,33466,33827,34860,33503,33966
0.9100,32379,32419,32510,33489,32059,32505,33684,33726,33916,34953,33575,34014
0.9110,32522,32537,32554,33521,32036,32457,33587,33699,33818,34876,33585,34063
0.9120,32435,32513,32543,33520,32052,32487,33560,33640,33700,34752,33489,33975
0.9130,32367,32459,32499,33474,32061,32523,33490,33546,33535,34576,33320,33804
0.9140,32342,32415,32430,33403,32017,32488,33300,33366,33315,34355,33113,33598
0.9150,32289,32358,32352,33332,31961,32440,33063,33158,33107,34145,32924,33426
0.9160,32203,32285,32283,33262,31921,32413,32906,32983,32924,33961,32738,33232
0.9170,32100,32194,32201,33187,31898,32402,32588,32719,32681,33727,32580,33115
0.9180,32231,32239,32181,33142,31779,32252,32216,32249,32023,33081,32030,32563
0.9190,31911,32012,31954,32943,31685,32191,31801,31841,31570,32610,31560,32089
0.9200,31950,31973,31887,32855,31542,32033,31657,31739,31589,32583,31425,31924
0.9210,31861,31941,31908,32876,31539,32021,31527,31687,31693,32697,31515,32015
0.9220,31887,31955,31936,32900,31538,32008,31524,31678,31747,32794,31618,32118
0.9230,31965,32012,32000,32955,31538,31986,31558,31744,31884,32930,31805,32344
0.9240,32107,32133,32120,33068,31551,31962,31744,31896,32065,33123,32006,32543
0.9250,32015,32121,32163,33132,31644,32070,32097,32174,32299,33344,32154,32643
0.9260,31954,32081,32158,33154,31733,32189,32275,32383,32512,33534,32316,32797
0.9270,32159,32197,32225,33203,31732,32173,32594,32665,32790,33809,32482,32924
0.9280,32233,32289,32323,33291,31782,32206,33000,33155,33450,34449,33012,33439
0.9290,32293,32394,32496,33465,31932,32356,33312,33503,33873,34905,33500,33948
0.9300,32484,32539,32631,33605,32026,32427,33484,33612,33862,34928,33630,34115
0.9310,32299,32442,32549,33559,32118,32574,33579,33655,33779,34842,33591,34088
0.9320,32318,32412,32482,33494,32113,32591,33679,33703,33721,34764,33465,33930
0.9330,32377,32432,32454,33447,32071,32549,33469,33550,33536,34574,33316,33796
0.9340,32266,32354,32372,33360,32041,32540,33170,33285,33267,34315,33139,33660
0.9350,32145,32245,32270,33266,32009,32525,33093,33146,33083,34120,32910,33415
0.9360,32140,32206,32214,33208,31959,32474,32943,33006,32929,33962,32726,33210
0.9370,32157,32203,32175,33155,31881,32380,32647,32761,32700,33741,32561,33067
0.9380,32139,32181,32139,33093,31796,32288,32246,32277,32048,33106,32003,32518
0.9390,32078,32097,32001,32956,31643,32122,31861,31900,31628,32655,31540,32051
0.9400,31985,32024,31922,32871,31519,31987,31601,31721,31596,32614,31447,31949
0.9410,31941,32001,31951,32906,31502,31954,31665,31765,31738,32748,31469,31934
0.9420,31898,31988,31985,32950,31534,31988,31736,31847,31874,32887,31553,31998
0.9430,31905,31990,32002,32979,31563,32015,31745,31916,32030,33063,31756,32224
0.9440,31947,32029,32055,33028,31599,32054,31922,32066,32219,33264,31963,32436
0.9450,31913,32026,32090,33078,31693,32162,32097,32233,32400,33444,32153,32627
0.9460,31953,32046,32104,33097,31729,32206,32283,32406,32558,33604,32333,32808
0.9470,32026,32101,32153,33142,31776,32246,32454,32593,32774,33813,32539,33027
0.9480,32094,32172,32227,33213,31837,32302,32771,32990,33351,34395,33095,33594
0.9490,32111,32240,32369,33362,32000,32478,33178,33362,33752,34823,33560,34067
0.9500,32174,32293,32434,33443,32126,32615,33461,33548,33773,34840,33653,34163
0.9510,32219,32307,32394,33401,32140,32650,33484,33575,33696,34757,33629,34162
0.9520,32365,32396,32423,33403,32108,32599,33454,33535,33598,34652,33545,34083
0.9530,32373,32419,32424,33394,32075,32551,33336,33408,33410,34459,33376,33915
0.9540,32546,32519,32452,33392,31950,32374,33155,33222,33175,34222,33156,33689
0.9550,32649,32614,32520,33440,31869,32234,32976,33055,32996,34027,32957,33494
0.9560,32437,32515,32472,33414,31846,32242,32747,32843,32789,33834,32779,33319
0.9570,32506,32523,32475,33417,31771,32141,32666,32717,32629,33653,32565,33086
0.9580,32144,32292,32300,33279,31786,32228,32174,32212,31972,33029,32028,32564
0.9590,32197,32215,32133,33097,31590,32031,31809,31839,31561,32583,31555,32081
0.9600,32129,32158,32069,33024,31481,31910,31586,31693,31558,32563,31443,31953
0.9610,31986,32079,32054,33021,31493,31929,31574,31696,31684,32689,31497,31984
0.9620,31925,32031,32046,33023,31523,31972,31674,31784,31818,32827,31581,32048
0.9630,31873,31987,32031,33026,31577,32040,31747,31887,31989,33013,31750,32219
0.9640,32025,32075,32098,33075,31582,32024,31896,32044,32192,33226,31970,32445
0.9650,32011,32100,32145,33118,31642,32088,32107,32233,32382,33424,32154,32626
0.9660,32059,32139,32184,33168,31696,32140,32191,32345,32519,33578,32345,32839
0.9670,32092,32176,32226,33207,31746,32193,32438,32563,32742,33790,32546,33036
0.9680,32175,32251,32299,33274,31798,32242,32870,33039,33366,34390,33076,33554
0.9690,32438,32474,32538,33481,31894,32290,33285,33447,33807,34847,33525,34000
0.9700,32375,32495,32612,33588,32051,32468,33730,33743,33912,34944,33563,33995
0.9710,32315,32440,32542,33550,32116,32577,33624,33725,33837,34884,33570,34030
0.9720,32280,32384,32463,33472,32119,32609,33450,33584,33675,34733,33528,34044
0.9730,32245,32337,32389,33395,32095,32602,33376,33455,33471,34522,33352,33878
0.9740,32389,32402,32383,33356,31998,32476,33373,33380,33298,34323,33075,33554
0.9750,32320,32375,32353,33324,31959,32432,33048,33155,33096,34129,32935,33438
0.9760,32344,32377,32340,33296,31880,32333,32857,32955,32904,33941,32763,33273
0.9770,32270,32334,32307,33270,31853,32305,32810,32842,32738,33759,32515,32992
0.9780,32093,32191,32181,33164,31815,32299,32328,32359,32103,33144,31986,32474
0.9790,31882,31982,31947,32946,31701,32224,31823,31897,31643,32679,31552,32061
0.9800,31894,31931,31863,32842,31569,32075,31596,31725,31614,32627,31456,31963
0.9810,31785,31875,31860,32838,31570,32076,31596,31721,31719,32742,31499,31981
0.9820,31725,31826,31843,32829,31583,32092,31694,31804,31836,32856,31576,32040
0.9830,31670,31789,31836,32832,31633,32157,31727,31888,32006,33042,31767,32244
0.9840,31829,31883,31911,32887,31637,32143,32014,32116,32237,33270,31938,32387
0.9850,31856,31934,31977,32956,31696,32190,32073,32231,32395,33445,32154,32628
0.9860,31980,32034,32058,33030,31723,32195,32250,32390,32558,33603,32338,32822
0.9870,32165,32180,32173,33130,31718,32151,32456,32588,32771,33815,32549,33034
0.9880,32092,32192,32244,33213,31814,32264,32862,33046,33392,34419,33081,33560
0.9890,32040,32202,32354,33357,32019,32500,33367,33499,33842,34883,33511,33967
0.9900,32204,32297,32430,33438,32114,32601,33382,33542,33797,34877,33660,34176
0.9910,32275,32343,32413,33413,32120,32612,33531,33598,33717,34781,33607,34125
0.9920,32335,32384,32416,33399,32093,32579,33443,33539,33610,34665,33531,34066
0.9930,32152,32274,32331,33340,32114,32633,33391,33443,33434,34473,33348,33868
0.9940,32300,32324,32317,33303,32028,32527,33194,33262,33208,34247,33126,33644
0.9950,32340,32356,32316,33277,31944,32418,33065,33123,33047,34071,32922,33429
0.9960,32431,32422,32349,33285,31846,32278,32845,32934,32882,33906,32750,33258
0.9970,32137,32262,32261,33226,31867,32335,32639,32725,32654,33687,32551,33066
0.9980,32123,32186,32167,33139,31786,32261,32157,32214,31993,33051,32024,32569
0.9990,32117,32123,32024,32984,31604,32070,31745,31799,31545,32589,31571,32112
1.0000,32019,32059,31965,32914,31507,31964,31531,31641,31525,32545,31459,31987
