Messart,Versuchsnummer,Dauer,Sampling-Frequenz,Trigger-Art,Auto-Zero vor Messung
Athlet_3,10,1.25,800,Visueller Reiz,Ja
Time,L_Fx,L_Fy,L_Fz,L_Mx,L_My,L_Mz,R_Fx,R_Fy,R_Fz,R_Mx,R_My,R_Mz
0.0013,-246.13,-301.75,-803.92,-137.18,-57.64,-40.22,205.47,335.09,953.66,202.94,131.99,129.30
0.0025,-191.28,-233.81,-526.28,-121.77,-52.42,-28.04,288.87,363.18,976.33,208.32,138.02,129.99
0.0037,-138.88,-170.06,-274.75,-107.63,-47.88,-17.61,351.36,375.36,965.29,204.21,137.02,125.33
0.0050,-92.08,-114.86,-71.75,-96.36,-44.92,-10.54,374.94,357.92,892.71,182.50,123.17,110.96
0.0063,-54.48,-72.24,68.16,-89.70,-44.55,-7.97,349.75,303.66,745.96,139.10,93.70,84.95
0.0075,-29.71,-45.37,139.93,-89.25,-47.71,-10.44,275.94,213.69,531.13,74.98,49.62,48.38
0.0087,-20.50,-36.00,147.87,-96.07,-55.01,-17.79,163.51,97.41,272.53,-3.76,-4.34,5.21
0.0100,-27.88,-43.95,103.91,-110.25,-66.50,-29.23,30.27,-29.07,7.97,-86.87,-60.64,-38.46
0.0112,-50.59,-66.86,25.10,-130.67,-81.46,-43.38,-101.53,-146.01,-218.98,-161.94,-110.44,-75.66
0.0125,-85.01,-100.36,-69.23,-154.96,-98.36,-58.44,-209.40,-233.91,-368.13,-216.84,-145.42,-100.03
0.0138,-125.55,-138.57,-160.08,-179.76,-115.08,-72.42,-274.64,-277.27,-410.99,-242.17,-159.40,-107.14
0.0150,-165.46,-174.91,-231.14,-201.28,-129.21,-83.37,-285.58,-267.49,-336.25,-233.10,-149.63,-95.37
0.0163,-197.91,-203.13,-270.54,-215.97,-138.51,-89.73,-239.33,-204.38,-151.79,-190.29,-117.19,-66.21
0.0175,-217.10,-218.21,-272.04,-221.23,-141.35,-90.53,-142.15,-96.24,116.77,-119.82,-66.82,-23.99
0.0188,-219.24,-217.15,-235.28,-215.89,-137.08,-85.63,-8.35,41.37,430.04,-32.17,-6.15,24.86
0.0200,-203.16,-199.40,-165.34,-200.44,-126.13,-75.71,141.89,187.92,740.86,59.37,55.52,72.79
0.0213,-170.48,-166.92,-71.77,-176.99,-109.99,-62.19,285.52,321.04,1001.61,140.82,108.69,112.39
0.0225,-125.45,-123.90,32.76,-148.91,-90.97,-47.03,400.27,420.10,1171.88,199.70,145.18,137.56
0.0238,-74.33,-76.22,134.03,-120.32,-71.90,-32.47,468.28,469.59,1225.14,227.05,159.45,144.50
0.0250,-24.49,-30.62,218.19,-95.48,-55.61,-20.65,479.11,461.81,1153.13,218.77,149.42,132.24
0.0263,16.68,6.33,273.68,-78.06,-44.53,-13.32,431.52,398.11,967.26,176.23,116.75,102.78
0.0275,43.05,29.27,293.03,-70.54,-40.26,-11.50,333.62,288.78,696.88,106.00,66.53,60.70
0.0288,50.78,34.95,274.08,-73.89,-43.33,-15.39,201.46,151.42,384.93,18.94,6.54,12.48
0.0300,38.96,22.75,220.30,-87.39,-53.14,-24.28,56.42,8.19,81.38,-71.36,-53.87,-34.40
0.0312,9.83,-5.14,140.39,-108.80,-68.06,-36.74,-78.18,-117.75,-164.71,-150.64,-105.19,-72.57
0.0325,-31.67,-44.08,47.11,-134.72,-85.74,-50.84,-180.86,-206.10,-313.46,-206.21,-139.25,-95.97
0.0338,-78.63,-87.66,-44.56,-161.06,-103.37,-64.36,-235.42,-242.74,-340.87,-229.07,-150.58,-100.85
0.0350,-123.33,-128.72,-119.71,-183.69,-118.21,-75.22,-233.60,-222.09,-242.93,-215.54,-137.34,-86.42
0.0363,-158.49,-160.51,-165.92,-199.01,-127.90,-81.69,-176.33,-147.97,-36.04,-167.86,-101.70,-54.97
0.0375,-178.42,-177.81,-175.34,-204.55,-130.89,-82.75,-73.67,-32.95,245.61,-93.91,-49.47,-11.61
0.0387,-179.94,-177.71,-145.89,-199.32,-126.65,-78.16,56.86,103.67,555.62,-5.91,10.79,36.63
0.0400,-162.81,-160.09,-81.60,-183.92,-115.69,-68.52,193.27,239.08,843.06,81.60,69.18,81.89
0.0413,-129.70,-127.58,8.13,-160.44,-99.52,-55.15,313.12,351.19,1061.65,154.42,116.29,116.93
0.0425,-85.73,-85.11,109.87,-132.15,-80.40,-39.91,397.99,422.93,1178.84,201.48,145.03,136.54
0.0438,-37.58,-39.16,208.21,-103.10,-61.07,-24.96,437.40,445.94,1182.72,217.13,152.08,138.61
0.0450,7.57,3.33,288.16,-77.49,-44.32,-12.45,431.07,422.34,1084.56,202.38,138.68,124.62
0.0462,43.18,36.06,337.68,-59.12,-32.60,-4.23,388.73,364.04,915.83,164.53,110.20,99.18
0.0475,64.42,54.47,349.72,-50.77,-27.66,-1.54,327.27,289.45,720.11,115.22,74.75,68.93
0.0488,68.87,56.35,323.38,-53.75,-30.28,-4.82,265.75,218.40,541.56,67.22,40.99,40.71
0.0500,56.70,42.18,263.88,-67.68,-40.09,-13.65,219.72,166.40,412.96,30.74,15.69,19.75
0.0513,30.56,14.85,181.61,-90.51,-55.67,-26.79,196.34,140.02,346.51,10.50,1.78,8.16
0.0525,-4.97,-20.80,90.37,-118.81,-74.70,-42.31,192.21,135.08,330.98,4.35,-2.42,4.45
0.0537,-44.11,-58.85,5.21,-148.22,-94.28,-57.86,194.99,138.62,337.23,4.52,-2.29,4.32
0.0550,-80.67,-93.12,-59.94,-174.15,-111.40,-71.05,188.63,134.45,330.83,1.02,-4.56,2.57
0.0563,-108.98,-118.17,-94.50,-192.50,-123.34,-79.82,160.26,110.15,286.94,-13.97,-14.30,-4.60
0.0575,-124.66,-130.06,-92.80,-200.32,-128.21,-82.75,105.79,62.46,201.25,-42.60,-32.69,-17.86
0.0587,-125.22,-126.89,-54.86,-196.30,-125.19,-79.36,32.19,-0.98,92.29,-80.28,-56.37,-34.39
0.0600,-110.35,-108.97,13.87,-180.96,-114.68,-70.12,-44.46,-64.04,-5.09,-117.06,-78.58,-48.88
0.0612,-81.95,-78.75,103.50,-156.58,-98.24,-56.41,-103.80,-107.25,-51.61,-140.99,-91.43,-55.33
0.0625,-43.90,-40.46,201.11,-126.80,-78.31,-40.30,-127.22,-113.75,-16.19,-141.82,-88.39,-49.04
0.0638,-1.57,0.46,292.60,-96.09,-57.91,-24.22,-102.98,-74.06,114.71,-114.02,-66.23,-28.06
0.0650,38.84,38.08,364.62,-69.04,-40.09,-10.59,-29.27,11.22,332.78,-58.31,-26.03,6.21
0.0663,71.14,66.79,406.56,-49.62,-27.48,-1.42,85.22,131.44,609.13,18.26,27.01,49.20
0.0675,90.17,82.13,412.14,-40.57,-21.87,2.02,223.07,267.97,900.15,103.86,84.58,94.09
0.0688,92.62,81.53,380.36,-42.98,-23.94,-0.62,361.64,398.05,1156.47,184.18,137.01,133.28
0.0700,77.73,64.77,315.65,-56.21,-33.17,-8.74,477.53,499.38,1333.17,245.38,175.18,159.87
0.0713,47.51,34.11,227.35,-78.00,-47.99,-20.97,551.00,554.40,1398.62,276.78,192.34,169.06
0.0725,6.59,-5.91,128.50,-104.90,-66.04,-35.31,569.56,553.48,1340.25,272.72,185.34,159.04
0.0737,-38.53,-49.11,34.08,-132.75,-84.49,-49.54,529.89,496.36,1166.40,233.58,155.07,131.22
0.0750,-80.53,-88.61,-41.19,-157.30,-100.51,-61.46,438.21,392.01,904.34,165.48,106.27,89.95
0.0762,-112.52,-118.01,-85.31,-174.80,-111.65,-69.29,308.94,256.90,595.47,79.23,46.68,41.75
0.0775,-129.26,-132.48,-91.00,-182.59,-116.23,-71.84,162.33,112.28,288.50,-11.48,-14.26,-5.71
0.0788,-128.03,-129.57,-56.96,-179.49,-113.56,-68.75,21.16,-19.26,31.55,-92.29,-66.89,-44.91
0.0800,-109.00,-109.60,12.00,-165.89,-104.00,-60.47,-92.80,-117.41,-135.57,-150.51,-102.95,-69.67
0.0813,-75.13,-75.57,105.69,-143.77,-88.96,-48.20,-162.14,-167.28,-187.65,-177.13,-116.83,-76.14
0.0825,-31.64,-32.65,210.08,-116.36,-70.61,-33.73,-176.43,-161.55,-117.56,-168.17,-106.49,-63.37
0.0837,14.80,12.61,309.35,-87.68,-51.67,-19.16,-133.60,-101.31,63.30,-125.22,-73.62,-33.43
0.0850,57.14,53.30,388.32,-62.00,-34.93,-6.67,-40.08,4.27,327.27,-55.01,-23.33,9.06
0.0862,89.03,83.24,434.89,-43.18,-22.92,1.89,90.16,139.40,634.57,31.68,36.68,57.56
0.0875,105.86,98.03,442.08,-34.08,-17.45,5.21,237.56,283.80,938.97,121.57,97.23,104.66
0.0887,105.46,95.68,409.16,-36.11,-19.36,2.76,379.84,415.67,1194.50,200.95,149.05,143.14
0.0900,88.36,76.95,341.74,-49.00,-28.38,-5.13,495.29,514.97,1362.39,257.70,184.23,167.12
0.0912,57.57,45.07,250.73,-70.83,-43.18,-17.28,566.17,566.52,1417.17,283.21,197.41,172.95
0.0925,17.99,5.21,150.65,-98.27,-61.49,-31.88,581.55,562.39,1350.63,273.68,186.65,159.81
0.0938,-24.35,-36.41,57.26,-127.07,-80.48,-46.66,539.02,503.14,1172.89,230.69,153.66,129.78
0.0950,-63.17,-73.44,-14.92,-152.68,-97.19,-59.31,444.98,397.71,910.87,160.85,103.51,87.47
0.0963,-92.80,-100.37,-54.90,-171.02,-108.94,-67.79,313.76,262.11,604.29,74.86,43.89,39.37
0.0975,-108.96,-113.32,-56.92,-179.13,-113.85,-70.71,165.41,117.05,299.88,-14.16,-16.07,-7.17
0.0988,-109.31,-110.50,-21.09,-175.68,-111.09,-67.57,22.72,-15.18,44.31,-92.59,-67.17,-45.01
0.1000,-93.74,-92.40,46.91,-161.14,-101.04,-58.78,-92.32,-114.23,-123.20,-148.47,-101.62,-68.37
0.1013,-64.41,-61.67,136.81,-137.69,-85.18,-45.67,-162.00,-164.91,-177.08,-173.34,-114.20,-73.74
0.1025,-25.49,-22.78,235.29,-108.89,-65.91,-30.21,-175.72,-159.51,-109.27,-163.52,-103.07,-60.39
0.1038,17.26,18.55,327.73,-79.08,-46.12,-14.73,-131.54,-98.95,69.81,-120.53,-69.97,-30.38
0.1050,57.33,56.08,400.27,-52.72,-28.79,-1.57,-36.44,7.50,333.07,-50.83,-19.88,11.77
0.1062,88.35,84.00,441.79,-33.73,-16.50,7.33,94.86,143.54,640.65,35.20,39.72,59.80
0.1075,105.25,97.81,445.75,-24.85,-11.03,10.69,242.15,288.32,945.63,124.69,99.90,106.52
0.1087,105.16,95.17,411.21,-27.28,-13.10,8.12,382.71,419.49,1201.04,204.17,151.62,144.94
0.1100,87.95,76.31,343.11,-40.49,-22.28,0.11,494.90,516.76,1367.21,261.61,187.04,169.25
0.1113,56.25,44.00,251.52,-62.38,-37.09,-12.06,561.53,565.11,1418.25,288.23,200.80,175.80
0.1125,14.97,3.17,150.22,-89.56,-55.22,-26.48,572.63,557.22,1346.22,279.96,190.80,163.59
0.1137,-29.57,-39.96,54.60,-117.80,-73.85,-40.93,526.87,494.52,1162.27,237.96,158.55,134.46
0.1150,-70.62,-78.84,-20.79,-142.71,-90.07,-53.16,431.70,386.89,894.77,168.50,108.86,92.74
0.1162,-102.07,-107.63,-64.56,-160.38,-101.33,-61.24,302.07,251.11,585.02,81.99,49.20,44.68
0.1175,-119.34,-122.11,-70.35,-168.01,-105.85,-63.88,158.08,108.24,280.97,-8.50,-11.45,-2.49
0.1187,-120.00,-120.28,-37.66,-164.38,-102.87,-60.59,21.94,-19.58,29.77,-89.21,-63.87,-41.63
0.1200,-104.05,-102.53,28.24,-149.97,-92.79,-51.82,-85.45,-112.65,-129.66,-147.85,-100.11,-66.80
0.1212,-73.78,-71.52,117.31,-126.95,-77.12,-38.86,-147.68,-156.73,-172.88,-175.50,-114.68,-74.19
0.1225,-33.51,-31.77,216.24,-98.81,-58.22,-23.67,-155.35,-145.18,-93.47,-168.02,-105.43,-62.74
0.1237,11.06,10.97,310.38,-69.87,-38.99,-8.59,-107.33,-79.80,96.41,-126.59,-73.82,-34.22
0.1250,53.52,50.51,385.80,-44.58,-22.40,4.03,-10.89,29.54,368.14,-57.51,-24.65,7.03
0.1263,87.61,81.07,431.42,-26.83,-11.02,12.20,119.48,166.41,680.85,28.79,34.65,54.79
0.1275,108.24,98.15,440.63,-19.35,-6.59,14.67,264.16,310.15,987.35,119.23,95.11,101.80
0.1288,112.27,99.24,412.32,-23.23,-9.78,11.06,401.32,439.01,1241.06,200.05,147.51,140.87
0.1300,99.12,84.24,351.04,-37.85,-20.08,1.94,510.18,533.40,1403.34,258.86,183.80,165.99
0.1313,70.92,55.50,266.26,-60.97,-35.92,-11.28,574.25,579.06,1449.61,286.65,198.44,173.29
0.1325,32.20,17.57,171.13,-89.13,-54.93,-26.61,583.83,569.16,1373.15,279.17,189.19,161.67
0.1338,-10.86,-23.56,80.51,-118.10,-74.26,-41.75,537.52,505.33,1185.93,237.62,157.47,132.91
0.1350,-51.40,-61.34,8.72,-143.50,-91.00,-54.44,442.31,397.28,916.52,168.38,108.14,91.41
0.1363,-83.04,-89.80,-32.83,-161.50,-102.64,-62.76,312.58,261.36,605.83,82.05,48.73,43.53
0.1375,-100.86,-104.45,-37.51,-169.36,-107.42,-65.49,167.87,118.15,301.04,-8.14,-11.65,-3.41
0.1388,-102.14,-102.99,-4.47,-165.89,-104.63,-62.23,30.05,-10.69,48.48,-88.32,-63.72,-42.16
0.1400,-86.64,-85.58,61.43,-151.64,-94.69,-53.48,-80.11,-105.70,-113.64,-146.17,-99.46,-66.75
0.1413,-56.57,-54.76,150.42,-128.78,-79.11,-40.60,-146.12,-152.73,-161.22,-172.82,-113.39,-73.39
0.1425,-16.22,-14.98,249.40,-100.80,-60.28,-25.55,-158.33,-145.01,-87.85,-164.21,-103.39,-61.08
0.1437,28.64,28.00,343.78,-72.00,-41.07,-10.67,-115.20,-84.06,94.64,-121.69,-70.98,-31.65
0.1450,71.46,67.88,419.61,-46.81,-24.47,1.73,-23.40,20.74,358.31,-51.69,-21.03,10.46
0.1462,105.80,98.75,465.67,-29.11,-13.02,9.73,103.28,153.56,663.26,35.22,38.92,58.94
0.1475,126.31,115.89,475.11,-21.53,-8.47,12.12,245.85,294.40,963.40,125.89,99.80,106.46
0.1487,129.53,116.54,446.47,-25.11,-11.44,8.59,382.86,421.97,1213.17,206.54,152.35,145.77
0.1500,114.49,100.26,383.78,-39.12,-21.38,-0.21,493.49,516.90,1374.50,264.90,188.54,170.87
0.1512,83.02,69.16,296.01,-61.26,-36.63,-12.82,560.75,564.65,1422.74,292.13,202.87,177.93
0.1525,39.53,27.57,195.86,-87.98,-54.76,-27.22,574.11,557.80,1350.42,284.15,193.20,165.92
0.1537,-9.56,-18.41,98.01,-115.11,-72.89,-41.11,531.21,497.14,1168.20,242.29,161.09,136.75
0.1550,-56.78,-61.90,17.03,-138.43,-88.18,-52.30,438.30,391.58,903.28,172.97,111.45,94.89
0.1562,-94.87,-96.29,-34.96,-154.35,-98.24,-59.04,309.35,256.98,595.43,86.72,51.87,46.75
0.1575,-118.01,-116.36,-50.24,-160.42,-101.54,-60.28,164.08,113.81,291.41,-3.33,-8.56,-0.32
0.1588,-122.80,-119.16,-26.77,-155.72,-97.56,-55.82,24.95,-15.86,37.85,-83.47,-60.62,-39.14
0.1600,-108.82,-104.47,31.56,-140.88,-86.88,-46.29,-86.44,-111.95,-126.08,-141.51,-96.38,-63.80
0.1613,-78.57,-74.79,115.50,-118.05,-71.06,-33.06,-152.80,-159.56,-175.07,-168.66,-110.46,-70.61
0.1625,-37.00,-34.91,211.91,-90.54,-52.38,-18.04,-163.97,-151.37,-101.59,-160.87,-100.79,-58.62
0.1638,9.37,8.90,305.71,-62.39,-33.58,-3.41,-118.36,-88.66,83.20,-119.38,-68.91,-29.71
0.1650,53.42,49.83,382.21,-37.81,-17.44,8.67,-23.00,19.04,351.37,-50.48,-19.64,11.72
0.1663,88.59,81.67,429.55,-20.55,-6.40,16.38,107.63,155.46,662.48,35.42,39.58,59.44
0.1675,109.78,99.71,440.55,-13.31,-2.16,18.53,253.85,299.99,969.50,125.30,99.79,106.20
0.1688,114.10,101.43,413.84,-17.27,-5.43,14.73,393.68,430.82,1225.83,205.42,151.79,144.85
0.1700,101.15,86.81,353.88,-31.93,-15.77,5.52,506.06,528.16,1392.55,263.44,187.57,169.42
0.1713,73.04,58.24,270.14,-55.10,-31.66,-7.76,574.06,577.37,1444.57,290.39,201.59,176.09
0.1725,34.03,20.15,175.59,-83.27,-50.70,-23.11,587.42,571.12,1374.39,282.10,191.67,163.81
0.1737,-9.98,-21.65,84.79,-112.12,-69.99,-38.19,544.13,510.44,1193.02,239.83,159.30,134.43
0.1750,-52.31,-60.77,11.73,-137.21,-86.55,-50.67,450.74,404.56,928.15,170.00,109.37,92.39
0.1762,-86.44,-91.20,-32.35,-154.69,-97.84,-58.65,321.52,269.61,620.12,83.20,49.46,44.06
0.1775,-107.09,-108.27,-40.71,-161.89,-102.14,-60.92,176.38,126.30,316.08,-7.37,-11.33,-3.24
0.1787,-111.14,-109.40,-12.13,-157.74,-98.80,-57.13,37.92,-3.15,62.99,-88.00,-63.77,-42.34
0.1800,-98.13,-94.51,48.96,-142.83,-88.32,-47.85,-72.13,-98.51,-99.82,-146.50,-99.94,-67.39
0.1812,-70.28,-65.99,133.16,-119.34,-72.24,-34.44,-136.55,-144.88,-146.95,-174.11,-114.46,-74.68
0.1825,-32.02,-28.33,227.53,-90.73,-52.91,-18.85,-145.36,-135.00,-70.95,-166.79,-105.28,-63.24
0.1837,10.74,12.61,317.51,-61.24,-33.21,-3.38,-97.36,-70.37,116.84,-125.77,-73.87,-34.90
0.1850,51.56,50.59,389.19,-35.34,-16.09,9.63,-0.05,39.19,388.15,-57.26,-25.01,6.07
0.1862,84.37,79.85,431.54,-17.00,-4.19,18.21,131.68,177.01,702.08,28.47,33.95,53.50
0.1875,104.34,96.05,438.18,-9.06,0.66,21.01,277.79,322.16,1011.03,118.48,94.14,100.25
0.1888,108.50,96.80,408.29,-12.75,-2.30,17.60,416.11,452.49,1267.84,199.13,146.40,139.22
0.1900,96.17,82.01,346.57,-27.46,-12.60,8.51,525.53,548.06,1433.12,258.13,182.77,164.45
0.1913,69.07,53.87,262.39,-50.90,-28.63,-4.84,589.29,594.22,1481.48,286.50,197.71,172.10
0.1925,31.19,16.53,168.43,-79.43,-47.91,-20.38,597.58,583.86,1405.51,279.99,188.98,161.06
0.1938,-11.78,-24.38,78.87,-108.66,-67.46,-35.71,549.01,518.49,1216.71,239.70,157.98,133.04
0.1950,-53.16,-62.62,7.35,-134.13,-84.29,-48.49,450.86,407.94,943.58,171.87,109.49,92.36
0.1962,-86.33,-92.18,-35.11,-152.02,-95.86,-56.80,317.91,268.90,627.40,86.92,50.95,45.27
0.1975,-105.80,-108.26,-41.74,-159.74,-100.50,-59.48,170.26,122.45,316.13,-2.13,-8.64,-0.99
0.1987,-108.08,-108.03,-11.04,-156.30,-97.63,-56.23,30.31,-9.16,57.15,-81.60,-60.10,-39.29
0.2000,-92.34,-91.08,53.06,-142.42,-87.80,-47.70,-80.66,-105.93,-110.19,-139.31,-95.53,-63.71
0.2012,-60.58,-59.56,141.74,-120.33,-72.62,-35.28,-145.89,-153.29,-160.81,-166.47,-109.51,-70.54
0.2025,-17.32,-17.88,242.43,-93.45,-54.46,-20.93,-155.69,-144.31,-87.65,-159.02,-99.97,-58.75
0.2037,31.07,27.89,340.51,-65.90,-36.11,-6.89,-108.86,-80.63,97.62,-118.12,-68.39,-30.14
0.2050,77.35,70.94,421.47,-41.90,-20.42,4.65,-12.71,27.92,366.63,-49.97,-19.51,10.97
0.2062,114.63,104.86,473.21,-25.16,-9.82,11.88,118.11,164.82,678.56,35.19,39.30,58.43
0.2075,137.41,124.65,488.15,-18.30,-5.97,13.66,263.87,309.33,986.06,124.47,99.18,105.06
0.2087,142.47,127.51,464.38,-22.43,-9.51,9.64,402.64,439.56,1242.29,204.28,151.00,143.75
0.2100,129.28,113.26,405.97,-36.98,-19.94,0.41,513.56,535.83,1408.28,262.36,186.80,168.52
0.2112,99.99,84.24,322.17,-59.77,-35.73,-12.68,580.02,583.73,1459.05,289.73,201.06,175.53
0.2125,59.02,44.92,225.97,-87.35,-54.49,-27.66,592.15,576.26,1387.41,282.13,191.54,163.65
0.2137,12.43,1.25,132.08,-115.45,-73.36,-42.21,548.33,514.83,1204.80,240.66,159.65,134.66
0.2150,-32.91,-40.28,54.74,-139.70,-89.40,-54.08,455.37,408.95,939.32,171.54,110.17,92.91
0.2162,-70.26,-73.49,5.51,-156.34,-100.13,-61.41,327.50,274.80,631.52,85.20,50.54,44.69
0.2175,-93.99,-93.43,-8.37,-162.78,-103.86,-63.05,184.25,132.86,328.43,-5.31,-10.20,-2.69
0.2188,-100.46,-97.10,14.99,-158.08,-100.04,-58.76,47.48,4.85,76.53,-86.22,-62.84,-42.02
0.2200,-88.59,-83.92,72.01,-142.99,-89.25,-49.20,-61.93,-89.68,-85.60,-145.20,-99.35,-67.33
0.2213,-60.17,-55.82,154.17,-119.81,-73.13,-35.83,-127.42,-136.40,-133.36,-173.23,-114.18,-74.77
0.2225,-19.66,-17.12,249.11,-92.00,-54.11,-20.63,-139.26,-128.40,-59.86,-166.06,-105.08,-63.24
0.2238,26.46,26.13,342.26,-63.67,-35.00,-5.84,-95.97,-67.12,123.38,-124.72,-73.42,-34.47
0.2250,70.70,66.99,418.92,-38.96,-18.62,6.39,-4.32,38.00,388.40,-55.41,-23.91,7.24
0.2263,105.78,98.78,466.66,-21.48,-7.35,14.32,121.65,170.93,694.97,31.50,36.03,55.68
0.2275,125.89,116.21,477.38,-13.71,-2.78,16.86,262.76,311.40,996.41,122.94,97.39,103.57
0.2288,127.64,116.26,448.71,-16.68,-5.47,13.75,397.38,437.83,1246.38,205.07,150.87,143.68
0.2300,110.59,98.68,384.41,-29.81,-14.90,5.56,504.70,530.65,1406.17,265.45,188.36,169.96
0.2313,77.33,66.00,293.81,-51.06,-29.58,-6.40,567.93,575.34,1450.76,294.97,204.22,178.47
0.2325,33.00,23.17,190.45,-77.20,-47.25,-20.31,577.02,564.77,1372.82,289.26,196.15,168.03
0.2338,-15.56,-23.26,89.99,-104.28,-65.25,-34.05,530.26,500.24,1183.67,249.35,165.50,140.33
0.2350,-60.88,-66.15,7.85,-128.19,-80.82,-45.51,434.49,391.26,911.48,181.39,117.02,99.67
0.2363,-96.06,-98.95,-43.41,-145.31,-91.62,-52.97,304.11,254.18,597.14,95.79,58.17,52.30
0.2375,-115.85,-116.73,-56.10,-153.00,-95.98,-55.26,158.88,109.76,288.25,5.63,-2.06,5.49
0.2388,-117.42,-116.92,-28.53,-150.07,-93.24,-52.01,20.94,-20.00,31.86,-75.29,-54.42,-33.56
0.2400,-100.79,-99.68,34.78,-136.91,-83.78,-43.69,-88.66,-115.31,-132.92,-134.55,-90.88,-58.86
0.2413,-68.68,-67.80,123.94,-115.41,-68.97,-31.49,-153.27,-161.75,-181.26,-163.11,-105.90,-66.54
0.2425,-26.12,-26.28,225.17,-88.75,-50.99,-17.19,-163.22,-152.43,-106.32,-156.67,-97.22,-55.46
0.2438,20.41,18.50,322.88,-60.90,-32.52,-2.93,-117.23,-88.98,80.03,-116.27,-66.19,-27.34
0.2450,63.88,59.70,402.01,-36.12,-16.35,9.15,-22.38,18.87,349.34,-48.09,-17.53,13.57
0.2463,97.83,91.11,450.42,-18.23,-4.97,17.17,107.05,154.86,660.90,37.52,41.39,61.06
0.2475,117.28,108.06,460.86,-10.06,-0.17,19.86,251.73,298.56,967.66,127.49,101.61,107.91
0.2487,119.48,108.15,432.04,-12.95,-2.74,16.75,390.14,428.40,1223.31,208.00,153.88,146.88
0.2500,104.25,91.56,368.70,-26.52,-12.34,8.27,501.66,525.00,1389.38,266.59,190.09,171.90
0.2512,73.96,60.91,280.73,-48.75,-27.55,-4.32,569.72,574.02,1441.31,294.17,204.61,179.02
0.2525,33.08,20.83,181.61,-76.22,-46.06,-19.12,584.24,568.38,1372.02,286.47,195.14,167.07
0.2538,-12.42,-22.69,86.37,-104.68,-65.01,-33.81,543.11,509.16,1192.76,244.65,163.08,137.82
0.2550,-55.90,-63.26,9.32,-129.65,-81.43,-46.09,452.52,405.42,931.06,175.12,113.30,95.71
0.2562,-90.98,-94.90,-38.19,-147.22,-92.74,-54.00,326.04,272.81,626.65,88.50,53.38,47.15
0.2575,-112.39,-112.99,-49.34,-154.67,-97.17,-56.30,182.66,131.35,325.70,-1.94,-7.50,-0.41
0.2588,-116.80,-114.83,-22.79,-150.92,-94.07,-52.65,44.08,2.48,73.93,-82.33,-59.99,-39.66
0.2600,-103.32,-100.05,37.38,-136.62,-83.95,-43.64,-68.58,-94.22,-90.46,-140.38,-96.05,-64.56
0.2612,-73.78,-70.70,122.30,-114.04,-68.41,-30.70,-138.07,-144.10,-142.78,-167.28,-110.22,-71.35
0.2625,-32.49,-31.03,219.48,-86.64,-49.81,-15.80,-153.71,-139.60,-75.44,-159.09,-100.43,-59.07
0.2638,14.35,13.07,314.55,-58.57,-31.00,-1.23,-112.98,-81.35,101.26,-117.18,-68.27,-29.68
0.2650,59.63,54.96,393.23,-34.09,-14.82,10.80,-21.82,22.04,360.88,-48.00,-18.66,12.31
0.2662,96.44,88.25,443.55,-16.91,-3.76,18.45,106.18,155.21,664.74,38.00,40.89,60.52
0.2675,119.19,107.85,457.86,-9.65,0.50,20.53,251.79,298.22,967.30,127.80,101.37,107.64
0.2688,124.42,110.77,433.96,-13.44,-2.72,16.74,392.89,429.40,1222.75,207.79,153.58,146.51
0.2700,111.33,96.54,375.46,-27.70,-12.92,7.62,507.77,528.63,1392.02,265.81,189.57,171.21
0.2712,81.81,67.27,291.12,-50.28,-28.56,-5.44,578.60,580.55,1448.98,293.06,203.89,178.02
0.2725,40.19,27.31,193.62,-77.73,-47.27,-20.45,594.24,576.96,1384.57,285.47,194.39,165.96
0.2737,-7.39,-17.40,97.63,-105.84,-66.16,-35.08,552.12,518.16,1208.19,244.26,162.60,136.95
0.2750,-53.86,-60.15,17.70,-130.25,-82.29,-47.07,458.56,412.93,946.23,175.78,113.38,95.43
0.2762,-92.23,-94.50,-34.04,-147.14,-93.14,-54.51,327.84,277.22,638.26,90.42,54.25,47.72
0.2775,-116.63,-115.23,-49.72,-153.86,-96.99,-56.22,180.03,131.79,331.23,1.17,-5.78,1.07
0.2787,-123.22,-119.12,-26.90,-149.31,-93.20,-51.88,37.91,-0.94,72.33,-78.40,-57.56,-37.41
0.2800,-110.82,-105.48,31.12,-134.13,-82.30,-42.13,-76.60,-100.49,-98.51,-136.19,-93.22,-61.88
0.2812,-81.15,-76.24,115.72,-110.59,-65.92,-28.42,-145.95,-151.59,-155.10,-163.47,-107.38,-68.68
0.2825,-38.64,-35.79,214.04,-82.27,-46.54,-12.84,-159.72,-146.53,-88.95,-156.16,-97.97,-56.82
0.2838,10.13,9.57,310.69,-53.57,-27.20,2.17,-116.14,-86.25,89.68,-115.35,-66.41,-28.12
0.2850,57.38,52.60,389.99,-29.09,-10.99,14.18,-22.19,19.89,353.55,-47.14,-17.43,13.14
0.2863,95.41,86.22,438.61,-12.88,-0.62,21.20,107.62,155.64,662.51,38.30,41.66,60.83
0.2875,117.87,104.79,448.04,-7.75,2.13,21.98,253.42,300.18,969.33,128.14,102.00,107.78
0.2888,120.94,105.18,416.43,-14.67,-3.28,16.34,392.99,431.32,1226.75,208.75,154.43,146.90
0.2900,104.20,87.41,349.26,-32.45,-15.94,5.23,505.04,528.91,1394.95,267.78,190.93,172.19
0.2913,70.83,54.92,258.91,-57.89,-33.55,-9.36,572.55,578.03,1447.98,296.15,205.89,179.79
0.2925,27.34,14.06,162.78,-86.16,-52.77,-24.66,585.30,571.25,1377.80,289.49,197.03,168.51
0.2938,-17.50,-26.84,80.32,-111.66,-69.80,-37.67,541.47,509.74,1195.35,248.81,165.68,140.09
0.2950,-54.29,-59.17,29.12,-129.11,-81.12,-45.70,447.75,402.94,928.58,180.33,116.64,98.85
0.2963,-75.02,-75.81,20.81,-134.71,-84.27,-47.01,318.38,267.12,618.20,94.51,57.38,51.08
0.2975,-74.92,-72.88,57.98,-127.14,-78.50,-41.26,172.95,122.94,311.54,4.49,-3.04,4.08
0.2988,-53.74,-50.78,133.02,-107.99,-65.04,-29.71,33.55,-7.67,55.39,-75.93,-55.34,-34.94
0.3000,-15.89,-14.18,229.75,-81.48,-46.86,-14.90,-78.66,-104.88,-111.36,-134.44,-91.53,-59.99
0.3012,30.49,29.05,327.22,-53.47,-27.99,-0.15,-146.69,-154.08,-163.79,-162.14,-106.10,-67.25
0.3025,75.55,69.74,404.76,-30.10,-12.56,11.32,-160.38,-148.03,-94.59,-154.89,-96.90,-55.65
0.3037,109.91,99.50,446.63,-16.34,-3.84,17.05,-117.82,-87.84,85.25,-113.88,-65.36,-26.99
0.3050,126.67,112.41,445.00,-15.01,-3.63,15.88,-25.48,17.32,348.38,-45.38,-16.28,14.38
0.3062,122.69,106.08,400.92,-26.36,-11.95,8.05,102.83,151.67,655.23,40.22,42.91,62.19
0.3075,98.84,81.82,323.29,-48.22,-27.21,-4.95,247.99,295.08,959.66,129.90,103.21,109.15
0.3087,59.64,44.13,226.68,-76.60,-46.62,-20.73,388.30,426.02,1215.74,209.93,155.37,148.01
0.3100,12.12,-0.26,128.40,-106.52,-66.77,-36.54,502.62,524.76,1384.76,268.04,191.36,172.78
0.3112,-35.48,-43.71,45.32,-132.92,-84.27,-49.70,573.58,576.41,1441.32,295.31,205.65,179.61
0.3125,-75.23,-79.01,-8.88,-151.51,-96.25,-58.08,590.34,573.17,1377.11,287.58,196.04,167.46
0.3137,-100.82,-100.54,-25.83,-159.40,-100.88,-60.41,550.24,515.51,1202.03,246.03,164.00,138.18
0.3150,-108.50,-105.13,-3.49,-155.46,-97.53,-56.38,459.27,412.10,942.58,176.97,114.39,96.23
0.3162,-97.52,-92.44,53.89,-140.43,-86.81,-46.71,331.12,278.51,637.97,90.86,54.72,47.98
0.3175,-70.04,-64.80,136.76,-116.71,-70.43,-32.91,185.19,134.97,334.44,0.81,-5.90,0.79
0.3187,-30.65,-26.81,231.90,-87.93,-50.90,-17.08,43.65,3.33,78.30,-79.38,-58.20,-38.11
0.3200,14.47,15.54,324.40,-58.51,-31.20,-1.63,-71.89,-96.34,-91.32,-137.41,-94.14,-62.73
0.3212,58.45,55.72,400.01,-32.94,-14.31,11.10,-143.83,-148.86,-148.71,-164.38,-108.21,-69.33
0.3225,94.75,87.69,447.27,-15.13,-2.80,19.18,-161.24,-146.34,-85.44,-156.20,-98.30,-56.91
0.3237,118.04,106.77,459.27,-7.80,1.60,21.36,-121.54,-89.22,88.69,-114.20,-65.95,-27.39
0.3250,124.97,110.24,434.62,-12.05,-1.78,17.32,-30.71,13.87,347.33,-44.78,-16.09,14.72
0.3262,114.62,97.75,377.41,-27.21,-12.41,7.67,97.58,147.42,651.55,41.50,43.72,63.06
0.3275,88.60,71.26,296.54,-50.95,-28.67,-6.12,244.05,291.30,955.38,131.51,104.37,110.28
0.3287,50.87,34.81,204.37,-79.64,-48.10,-21.96,386.56,423.71,1212.62,211.52,156.61,149.13
0.3300,7.22,-6.02,114.97,-108.93,-67.76,-37.44,503.44,524.50,1384.01,269.30,192.42,173.67
0.3312,-35.53,-44.92,42.13,-134.40,-84.68,-50.24,576.85,578.34,1443.45,296.01,206.34,180.13
0.3325,-70.57,-75.76,-2.80,-152.26,-96.33,-58.44,595.55,577.03,1382.04,287.67,196.29,167.56
0.3337,-92.22,-93.58,-12.65,-159.90,-101.03,-60.89,556.56,520.74,1209.23,245.64,163.86,137.94
0.3350,-96.84,-95.37,14.49,-156.31,-98.16,-57.33,465.69,417.91,951.19,176.44,114.04,95.81
0.3362,-83.48,-80.58,74.97,-142.16,-88.26,-48.39,336.62,284.05,646.94,90.64,54.47,47.62
0.3375,-54.02,-51.23,160.16,-119.66,-72.87,-35.50,188.99,139.48,342.67,1.31,-5.78,0.73
0.3387,-12.84,-11.58,257.60,-92.21,-54.34,-20.64,45.42,6.32,84.80,-77.96,-57.52,-37.73
0.3400,33.77,32.40,352.77,-63.94,-35.47,-6.05,-72.02,-95.01,-87.26,-135.16,-92.91,-61.92
0.3412,78.60,73.97,431.17,-39.11,-19.12,6.06,-145.35,-149.05,-147.40,-161.71,-106.64,-68.23
0.3425,114.59,106.63,480.63,-21.41,-7.75,13.90,-163.56,-147.71,-86.84,-153.70,-96.75,-55.79
0.3438,135.93,125.16,493.26,-13.48,-3.04,16.32,-124.24,-91.44,84.85,-112.40,-64.78,-26.51
0.3450,139.11,126.49,466.74,-16.43,-5.66,13.04,-33.78,10.94,341.35,-44.02,-15.56,15.21
0.3463,123.48,110.20,404.74,-29.76,-15.17,4.60,93.74,143.66,643.56,41.24,43.59,63.20
0.3475,91.36,78.66,316.38,-51.41,-30.07,-7.67,238.75,286.35,945.29,130.62,103.80,110.26
0.3488,47.69,36.63,214.94,-78.08,-48.09,-21.91,379.17,417.14,1200.15,210.59,155.98,149.30
0.3500,-0.83,-9.45,115.85,-105.71,-66.45,-35.94,493.75,516.06,1368.90,268.93,192.17,174.34
0.3513,-46.79,-52.54,34.28,-130.08,-82.35,-47.61,565.31,568.16,1425.77,296.62,206.79,181.51
0.3525,-83.17,-86.04,-17.30,-147.47,-93.35,-55.14,583.30,565.79,1362.43,289.27,197.51,169.63
0.3538,-104.46,-104.90,-31.12,-155.24,-97.78,-57.38,545.33,509.64,1189.06,247.85,165.66,140.44
0.3550,-107.39,-106.25,-5.23,-152.26,-95.01,-54.01,457.43,408.52,932.51,178.55,115.95,98.28
0.3563,-91.47,-89.89,56.39,-139.06,-85.49,-45.58,332.99,277.95,632.21,91.84,55.91,49.52
0.3575,-59.05,-58.22,144.53,-117.68,-70.71,-33.39,190.86,137.88,334.21,0.96,-5.34,1.60
0.3588,-15.00,-15.97,246.02,-91.36,-52.91,-19.28,52.49,9.61,84.19,-80.10,-58.36,-38.11
0.3600,33.90,30.44,345.57,-64.05,-34.77,-5.38,-61.22,-87.44,-79.74,-138.82,-94.95,-63.46
0.3613,79.97,73.80,427.88,-39.82,-18.99,6.23,-133.11,-138.69,-132.99,-166.14,-109.49,-70.53
0.3625,115.84,107.25,480.05,-22.26,-7.94,13.86,-152.33,-136.54,-68.00,-157.94,-99.76,-58.26
0.3638,135.69,125.38,493.62,-13.95,-3.20,16.40,-115.87,-81.36,105.08,-115.56,-67.30,-28.57
0.3650,136.33,125.21,466.08,-16.09,-5.46,13.53,-28.99,18.68,360.25,-45.53,-17.08,13.98
0.3663,117.75,106.70,401.35,-28.35,-14.34,5.72,95.54,148.79,659.44,41.47,43.25,62.92
0.3675,83.07,72.80,309.28,-48.94,-28.51,-5.88,239.18,289.58,957.86,132.20,104.50,110.76
0.3688,37.99,28.94,204.12,-74.84,-45.90,-19.57,380.24,419.81,1210.43,212.82,157.30,150.16
0.3700,-10.25,-17.87,102.38,-102.22,-63.93,-33.34,497.10,519.58,1378.63,271.01,193.56,175.09
0.3712,-54.10,-60.24,20.09,-126.97,-79.91,-45.17,571.55,573.44,1436.60,297.94,207.76,181.75
0.3725,-86.85,-91.59,-29.82,-145.32,-91.43,-53.27,591.72,572.83,1375.16,289.64,197.83,169.23
0.3738,-103.71,-107.20,-39.74,-154.44,-96.73,-56.40,554.04,517.42,1203.14,247.55,165.39,139.55
0.3750,-102.48,-104.92,-8.41,-152.85,-94.97,-54.07,463.83,415.23,946.02,178.23,115.50,97.33
0.3762,-83.72,-85.40,58.96,-140.72,-86.35,-46.54,334.69,281.55,642.27,92.33,55.81,49.06
0.3775,-50.61,-51.89,151.73,-119.77,-72.10,-34.89,186.41,136.69,337.83,2.94,-4.54,2.13
0.3788,-8.30,-9.68,255.49,-93.09,-54.30,-20.79,42.02,2.98,79.24,-76.36,-56.36,-36.33
0.3800,36.87,34.79,354.28,-64.72,-35.63,-6.36,-75.91,-98.84,-93.73,-133.59,-91.82,-60.51
0.3812,78.29,74.83,432.99,-39.03,-18.95,6.17,-148.94,-152.90,-154.42,-160.24,-105.66,-66.87
0.3825,109.99,104.57,479.79,-20.06,-6.90,14.84,-165.72,-150.78,-93.43,-152.49,-95.95,-54.60
0.3838,127.48,119.73,487.89,-10.83,-1.38,18.22,-123.69,-92.70,80.21,-111.72,-64.31,-25.68
0.3850,128.33,118.29,456.53,-12.86,-3.32,15.73,-29.33,12.61,340.56,-44.15,-15.60,15.46
0.3862,112.51,100.63,390.91,-25.88,-12.47,7.69,102.91,149.21,648.61,40.05,42.85,62.63
0.3875,82.38,69.51,301.24,-47.90,-27.44,-4.68,252.84,296.32,957.78,128.25,102.25,108.73
0.3888,42.34,29.59,201.19,-75.54,-45.96,-19.50,397.54,431.44,1220.91,207.13,153.60,146.79
0.3900,-1.76,-13.20,105.89,-104.51,-65.15,-34.46,514.88,533.86,1397.57,264.72,189.11,171.02
0.3912,-43.50,-52.55,29.63,-130.27,-82.02,-47.22,587.02,587.93,1460.65,292.21,203.36,177.73
0.3925,-76.83,-82.73,-16.32,-148.77,-93.91,-55.73,603.18,585.55,1400.66,285.35,194.16,165.88
0.3937,-96.98,-99.43,-25.52,-157.08,-98.93,-58.63,561.30,527.38,1227.07,245.05,162.84,137.19
0.3950,-101.09,-100.37,2.83,-153.88,-96.28,-55.41,468.25,422.63,966.75,177.25,114.05,95.93
0.3962,-88.63,-85.59,63.94,-139.66,-86.34,-46.55,338.62,287.59,659.85,92.08,55.08,48.22
0.3975,-61.36,-57.31,148.37,-116.62,-70.62,-33.39,192.45,143.18,353.80,2.33,-5.22,1.23
0.3987,-23.15,-19.66,243.46,-88.33,-51.54,-17.97,52.09,11.63,95.93,-78.34,-57.71,-37.94
0.4000,20.55,21.89,335.09,-59.19,-32.07,-2.70,-61.21,-86.97,-74.08,-137.60,-94.39,-63.33
0.4012,63.36,61.28,409.67,-33.71,-15.21,10.03,-130.58,-137.85,-130.50,-166.34,-109.64,-71.05
0.4025,98.88,92.67,456.18,-15.83,-3.59,18.22,-146.00,-133.71,-65.44,-160.13,-101.15,-59.92
0.4037,121.64,111.33,467.77,-8.29,1.01,20.59,-105.58,-75.59,110.49,-119.88,-70.14,-31.57
0.4050,128.01,114.36,442.77,-12.17,-2.08,16.81,-15.71,27.41,370.17,-51.60,-21.26,9.79
0.4062,116.83,101.15,384.91,-26.81,-12.36,7.50,109.96,159.64,674.10,34.42,38.18,57.97
0.4075,89.65,73.57,302.76,-49.94,-28.23,-5.89,252.44,301.00,976.03,125.22,99.22,105.72
0.4088,50.58,35.71,208.56,-78.03,-47.28,-21.31,390.05,429.94,1229.76,207.01,152.61,145.81
0.4100,5.69,-6.64,116.58,-106.85,-66.60,-36.43,501.63,526.63,1396.20,267.37,190.22,172.14
0.4113,-37.94,-46.85,41.02,-132.05,-83.29,-48.96,569.81,576.06,1449.48,297.17,206.36,180.74
0.4125,-73.36,-78.55,-6.29,-149.88,-94.83,-57.05,583.85,570.40,1381.04,292.00,198.66,170.39
0.4138,-94.89,-96.66,-17.75,-157.69,-99.52,-59.54,541.27,510.23,1200.81,252.81,168.41,142.76
0.4150,-99.05,-98.21,8.73,-154.39,-96.72,-56.13,448.33,404.42,935.58,185.66,120.28,102.13
0.4163,-85.08,-82.80,69.46,-140.55,-86.89,-47.41,319.00,268.83,625.12,100.83,61.68,54.74
0.4175,-55.05,-52.67,155.57,-118.32,-71.58,-34.75,172.92,124.03,316.38,11.29,1.57,7.85
0.4188,-13.50,-12.32,254.26,-91.06,-53.10,-20.08,32.38,-7.90,56.37,-69.31,-50.83,-31.35
0.4200,33.23,32.14,350.67,-62.90,-34.27,-5.62,-81.07,-106.77,-115.21,-128.64,-87.51,-56.86
0.4213,77.92,73.88,430.03,-38.10,-17.95,6.45,-150.08,-157.49,-172.31,-157.70,-102.89,-64.79
0.4225,113.62,106.44,480.05,-20.40,-6.60,14.33,-164.15,-152.41,-106.50,-152.14,-94.69,-53.99
0.4238,134.75,124.76,492.90,-12.47,-1.94,16.85,-121.14,-92.34,72.07,-112.88,-64.21,-26.15
0.4250,138.03,125.97,466.51,-15.49,-4.67,13.66,-27.53,13.68,336.44,-45.92,-16.10,14.50
0.4262,123.04,109.91,404.88,-28.99,-14.36,5.24,102.69,149.72,646.86,38.57,42.33,61.79
0.4275,92.18,79.09,317.46,-50.96,-29.55,-7.14,250.05,295.37,956.54,127.70,102.18,108.48
0.4287,50.25,38.27,217.68,-78.08,-47.95,-21.64,392.44,428.65,1218.58,207.75,154.22,147.36
0.4300,3.64,-6.27,120.90,-106.25,-66.76,-36.06,508.49,529.49,1393.28,266.31,190.37,172.35
0.4312,-40.64,-47.79,41.97,-131.13,-83.10,-48.18,580.77,582.78,1454.47,294.26,205.00,179.52
0.4325,-76.04,-80.05,-7.17,-148.88,-94.43,-56.11,598.56,580.75,1393.54,287.19,195.78,167.70
0.4337,-97.41,-98.37,-19.38,-156.71,-99.00,-58.58,559.39,524.02,1220.52,246.12,164.08,138.64
0.4350,-101.76,-100.21,6.66,-153.39,-96.08,-55.18,469.45,421.50,962.35,177.23,114.66,96.72
0.4362,-88.59,-85.48,66.53,-139.41,-86.10,-46.39,342.61,289.00,658.81,90.95,55.00,48.27
0.4375,-59.91,-56.51,150.92,-116.89,-70.57,-33.51,198.39,146.93,356.68,0.35,-5.89,0.60
0.4387,-19.93,-17.64,247.06,-89.27,-51.84,-18.50,59.02,17.20,102.65,-80.81,-58.78,-39.07
0.4400,25.52,25.38,340.56,-60.77,-32.78,-3.66,-54.03,-80.20,-64.04,-140.20,-95.65,-64.75
0.4412,69.74,66.19,417.45,-35.78,-16.32,8.71,-123.50,-130.37,-117.85,-168.83,-110.97,-72.61
0.4425,106.11,98.70,466.23,-18.17,-4.99,16.67,-139.00,-125.82,-50.80,-162.36,-102.46,-61.52
0.4437,129.10,118.02,479.66,-10.62,-0.55,18.98,-98.56,-67.50,126.58,-121.78,-71.41,-33.16
0.4450,135.16,121.24,455.78,-14.29,-3.67,15.28,-8.68,35.54,387.18,-53.12,-22.45,8.25
0.4462,123.39,107.88,398.27,-28.61,-13.88,6.13,116.80,167.54,691.42,33.37,37.14,56.54
0.4475,95.63,80.02,315.87,-51.43,-29.62,-7.09,258.79,308.38,993.04,124.71,98.42,104.49
0.4487,56.24,41.97,221.14,-79.33,-48.56,-22.41,395.74,436.59,1245.90,207.07,152.11,144.84
0.4500,11.33,-0.38,128.67,-108.11,-67.83,-37.51,506.74,532.51,1411.11,267.92,190.03,171.45
0.4512,-32.20,-40.48,52.76,-133.42,-84.54,-50.11,574.70,581.35,1463.13,298.02,206.41,180.28
0.4525,-67.75,-72.22,5.10,-151.39,-96.14,-58.29,588.95,575.43,1393.63,292.86,198.79,170.04
0.4537,-89.98,-90.80,-7.08,-159.28,-100.87,-60.80,546.96,515.33,1212.69,253.35,168.41,142.39
0.4550,-95.59,-93.46,17.94,-155.88,-98.02,-57.28,454.84,409.88,947.11,185.60,119.94,101.59
0.4562,-83.66,-79.80,76.30,-141.75,-88.02,-48.26,326.40,274.83,636.63,99.96,60.82,53.91
0.4575,-55.86,-51.78,159.31,-119.07,-72.41,-35.16,181.12,130.62,328.10,9.50,0.08,6.64
0.4587,-16.15,-13.45,254.71,-91.32,-53.60,-19.99,41.17,-0.80,68.46,-71.96,-52.96,-32.94
0.4600,29.65,29.55,348.35,-62.77,-34.47,-5.10,-72.06,-99.35,-102.71,-131.92,-90.16,-58.77
0.4612,74.67,70.81,426.20,-37.79,-17.98,7.20,-141.30,-150.05,-159.53,-161.24,-105.83,-66.88
0.4625,112.06,104.07,476.46,-20.23,-6.69,15.02,-156.10,-145.28,-93.72,-155.47,-97.60,-56.07
0.4637,136.02,124.23,491.49,-12.76,-2.33,17.15,-114.26,-85.86,84.48,-115.55,-66.75,-28.00
0.4650,142.81,128.17,468.99,-16.49,-5.55,13.28,-22.05,19.30,348.12,-47.56,-17.96,13.08
0.4662,131.25,115.18,412.28,-30.80,-15.81,4.06,106.80,154.45,657.60,38.13,41.36,60.90
0.4675,102.89,87.08,329.76,-53.40,-31.50,-9.07,253.12,299.38,966.38,128.45,102.15,108.16
0.4688,61.79,47.94,233.68,-80.76,-50.16,-24.04,395.00,432.28,1227.80,209.50,155.04,147.53
0.4700,13.95,3.48,138.29,-108.61,-68.88,-38.50,511.06,533.11,1402.28,268.75,191.84,172.89
0.4713,-33.52,-39.71,57.79,-132.61,-84.73,-50.20,583.69,586.65,1463.53,297.02,206.83,180.27
0.4725,-73.52,-75.23,4.11,-149.04,-95.24,-57.29,601.84,584.87,1402.64,289.95,197.67,168.48
0.4738,-100.08,-97.82,-14.96,-155.38,-98.80,-58.66,562.71,528.11,1229.19,248.62,165.74,139.32
0.4750,-109.38,-104.23,3.02,-150.65,-94.83,-54.09,472.18,424.98,969.67,179.33,115.92,97.22
0.4762,-100.31,-93.75,54.88,-135.52,-83.91,-44.21,343.90,291.06,663.48,92.68,55.80,48.62
0.4775,-74.62,-68.25,132.29,-112.18,-67.62,-30.44,197.23,146.64,357.17,1.93,-5.39,0.96
0.4788,-36.60,-31.92,223.01,-84.02,-48.32,-14.75,54.42,13.64,97.41,-78.98,-58.26,-38.44
0.4800,7.61,9.37,312.66,-55.15,-28.83,0.59,-62.85,-87.72,-76.27,-137.66,-94.68,-63.50
0.4812,50.92,48.97,386.86,-29.82,-12.00,13.37,-136.76,-142.09,-137.74,-165.16,-109.10,-70.42
0.4825,86.39,80.51,433.54,-11.79,-0.30,21.72,-156.18,-141.35,-78.09,-157.39,-99.39,-58.20
0.4837,108.31,98.85,444.90,-3.70,4.56,24.46,-118.29,-85.73,93.30,-115.64,-67.11,-28.74
0.4850,113.18,100.98,418.70,-6.73,1.93,21.24,-28.97,16.28,350.37,-46.27,-17.15,13.49
0.4862,100.22,86.47,358.58,-20.38,-7.77,12.57,98.17,149.19,654.28,40.27,42.93,62.15
0.4875,71.57,57.55,273.52,-42.62,-23.06,-0.22,243.80,292.78,958.87,130.95,104.08,109.89
0.4887,31.89,18.80,176.52,-70.16,-41.67,-15.24,385.77,425.12,1217.58,212.03,157.02,149.50
0.4900,-12.42,-23.61,82.67,-98.92,-60.84,-30.29,502.45,525.94,1390.67,271.17,193.71,174.93
0.4912,-54.26,-62.93,6.79,-124.63,-77.73,-43.12,576.14,579.92,1451.67,299.31,208.53,182.30
0.4925,-87.00,-92.87,-39.01,-143.46,-89.81,-51.87,595.84,578.99,1391.54,292.11,199.23,170.45
0.4937,-105.45,-108.66,-47.33,-152.63,-95.33,-55.25,558.85,523.57,1219.85,250.56,167.16,141.15
0.4950,-106.64,-107.73,-16.59,-150.85,-93.52,-52.85,471.11,422.36,963.18,180.92,117.15,98.78
0.4962,-90.18,-90.03,48.92,-138.52,-84.74,-45.10,346.15,290.97,660.99,93.68,56.72,49.70
0.4975,-58.31,-58.01,139.74,-117.62,-70.41,-33.26,203.10,149.59,359.74,2.11,-4.96,1.36
0.4987,-15.54,-16.21,242.72,-91.42,-52.77,-19.21,63.81,19.90,105.81,-79.81,-58.50,-38.87
0.5000,31.94,29.30,342.82,-63.97,-34.57,-5.15,-50.48,-78.29,-61.85,-139.52,-95.72,-64.85
0.5012,77.21,71.91,425.32,-39.55,-18.65,6.69,-122.33,-130.07,-117.78,-167.95,-110.97,-72.63
0.5025,113.72,105.41,478.18,-22.00,-7.54,14.41,-140.78,-127.63,-53.83,-160.89,-102.02,-61.12
0.5037,136.34,125.08,493.95,-14.16,-3.02,16.71,-102.96,-71.38,120.12,-119.59,-70.32,-32.15
0.5050,142.13,128.35,471.01,-17.37,-5.91,13.12,-14.52,30.28,377.86,-50.39,-20.72,9.83
0.5062,130.73,115.20,413.72,-31.34,-15.90,4.04,111.21,162.10,680.75,36.22,39.27,58.47
0.5075,104.25,88.04,331.61,-54.07,-31.58,-9.25,255.01,304.09,983.03,127.22,100.61,106.42
0.5088,66.88,51.28,237.88,-82.20,-50.68,-24.84,394.66,434.46,1238.48,208.94,154.06,146.46
0.5100,24.27,10.64,147.29,-111.46,-70.30,-40.37,508.31,532.91,1407.53,269.11,191.58,172.58
0.5112,-17.31,-27.76,73.87,-137.32,-87.45,-53.45,578.06,583.93,1463.59,298.73,207.57,180.94
0.5125,-51.83,-58.23,28.75,-155.72,-99.45,-62.03,592.86,579.33,1397.38,293.44,199.72,170.37
0.5137,-74.32,-76.38,18.42,-163.74,-104.40,-64.74,550.29,519.55,1218.37,254.13,169.31,142.58
0.5150,-81.60,-79.73,43.90,-160.08,-101.48,-61.12,456.90,413.54,953.29,186.79,120.99,101.83
0.5162,-72.77,-67.99,100.83,-145.24,-91.11,-51.69,327.10,277.50,642.24,101.59,62.09,54.29
0.5175,-49.26,-43.05,180.23,-121.42,-74.79,-37.84,181.00,132.36,332.77,11.42,1.53,7.17
0.5187,-14.70,-8.80,269.88,-92.18,-54.96,-21.61,41.24,0.60,72.58,-70.04,-51.48,-32.42
0.5200,25.57,29.51,355.99,-61.89,-34.57,-5.41,-70.57,-97.38,-98.08,-130.42,-88.90,-58.47
0.5212,65.27,65.91,425.19,-35.10,-16.68,8.33,-137.34,-146.55,-153.00,-160.62,-105.11,-67.09
0.5225,98.11,94.64,466.56,-15.83,-3.98,17.60,-149.16,-139.60,-84.07,-156.10,-97.74,-57.06
0.5237,118.84,111.09,473.38,-6.96,1.63,21.03,-104.72,-77.95,97.75,-117.62,-67.96,-29.90
0.5250,124.10,112.55,444.27,-9.79,-0.66,18.16,-11.21,28.72,364.48,-50.96,-20.27,10.30
0.5262,112.96,98.61,383.34,-23.85,-10.45,9.47,116.91,164.01,675.40,33.87,38.19,57.54
0.5275,87.06,71.30,299.57,-46.96,-26.22,-3.68,260.22,307.30,983.09,124.07,98.61,104.74
0.5287,50.30,34.70,205.51,-75.62,-45.57,-19.28,397.15,436.83,1240.55,205.89,151.79,144.70
0.5300,8.30,-5.63,115.39,-105.47,-65.53,-34.96,507.12,533.02,1408.48,266.79,189.59,171.29
0.5312,-32.44,-43.47,43.00,-131.95,-83.07,-48.31,573.66,581.39,1461.48,297.36,206.17,180.39
0.5325,-65.58,-72.96,-0.51,-151.06,-95.53,-57.33,586.82,574.81,1391.86,292.85,198.94,170.54
0.5337,-85.88,-89.49,-8.40,-159.94,-101.05,-60.68,544.70,514.41,1210.59,253.93,168.97,143.23
0.5350,-90.05,-90.39,20.69,-157.35,-98.87,-57.91,453.59,409.37,945.34,186.53,120.81,102.59
0.5363,-77.20,-75.34,82.65,-143.80,-89.41,-49.51,327.10,275.52,636.33,100.98,61.80,54.84
0.5375,-48.99,-46.36,168.59,-121.45,-74.15,-36.84,184.17,133.01,330.40,10.40,1.01,7.31
0.5387,-9.47,-7.61,266.06,-93.75,-55.49,-21.85,46.30,3.36,73.95,-71.27,-52.20,-32.65
0.5400,35.45,35.20,360.72,-64.92,-36.26,-6.88,-65.62,-93.82,-94.21,-131.48,-89.65,-58.86
0.5413,78.72,75.48,438.26,-39.28,-19.38,5.83,-134.63,-143.92,-148.98,-161.07,-105.60,-67.31
0.5425,113.25,106.82,486.56,-20.59,-7.35,14.39,-150.27,-139.49,-82.62,-155.66,-97.72,-56.79
0.5437,133.14,123.96,497.63,-11.49,-1.88,17.62,-110.18,-81.26,94.42,-116.19,-67.26,-28.94
0.5450,134.78,123.81,468.95,-13.17,-3.66,15.16,-20.31,22.03,355.42,-48.75,-18.90,11.96
0.5463,117.55,105.96,404.06,-25.21,-12.28,7.52,106.00,155.01,661.35,36.44,40.03,59.71
0.5475,83.95,72.88,312.14,-45.71,-26.37,-4.06,249.95,297.79,966.35,126.43,100.57,107.02
0.5487,39.23,29.54,206.76,-71.59,-43.77,-17.79,389.97,428.93,1224.45,207.49,153.46,146.63
0.5500,-9.58,-17.37,103.89,-98.98,-61.86,-31.62,504.98,528.64,1396.62,267.21,190.56,172.42
0.5513,-54.87,-60.56,19.40,-123.76,-77.91,-43.45,577.59,581.88,1456.93,296.39,206.17,180.38
0.5525,-89.72,-93.39,-33.69,-142.16,-89.51,-51.49,596.82,580.72,1396.61,290.55,197.86,169.26
0.5538,-109.00,-110.93,-47.36,-151.34,-94.85,-54.50,559.78,525.44,1225.17,250.56,166.89,140.73
0.5550,-110.08,-110.69,-19.86,-149.84,-93.10,-52.00,472.06,424.48,968.84,182.49,117.96,99.13
0.5563,-93.04,-92.93,44.22,-137.85,-84.48,-44.32,346.93,293.14,666.55,96.66,58.48,50.77
0.5575,-60.48,-60.43,134.92,-117.16,-70.28,-32.62,203.36,151.38,364.32,6.13,-2.49,2.99
0.5588,-17.11,-18.02,238.48,-90.96,-52.65,-18.70,63.23,20.79,108.31,-75.29,-55.65,-36.89
0.5600,30.93,28.14,339.44,-63.35,-34.33,-4.73,-52.01,-78.67,-62.39,-135.18,-92.89,-62.80
0.5613,76.84,71.39,422.92,-38.70,-18.23,7.04,-124.72,-131.85,-121.89,-164.44,-108.56,-70.83
0.5625,114.11,105.58,476.84,-20.95,-6.92,14.67,-143.82,-130.70,-61.38,-158.68,-100.34,-59.81
0.5638,137.43,125.87,493.73,-12.98,-2.25,16.88,-106.51,-75.48,109.76,-118.83,-69.51,-31.45
0.5650,143.46,129.49,471.74,-16.08,-5.00,13.27,-18.62,25.42,365.63,-50.88,-20.71,9.97
0.5663,131.40,116.07,414.77,-29.82,-14.80,4.33,106.36,156.64,667.59,34.98,38.73,58.26
0.5675,103.10,87.77,331.81,-52.13,-30.19,-8.60,249.23,298.11,969.66,125.84,99.89,106.18
0.5688,62.86,48.90,235.64,-79.61,-48.84,-23.58,388.02,428.08,1225.45,207.98,153.52,146.49
0.5700,16.77,5.38,141.00,-108.06,-67.92,-38.34,501.37,526.46,1395.31,268.89,191.46,173.07
0.5713,-28.20,-36.17,62.39,-133.11,-84.49,-50.61,571.89,578.07,1452.89,299.28,207.93,181.89
0.5725,-65.33,-69.51,11.75,-150.89,-95.99,-58.50,588.95,575.06,1389.27,294.48,200.42,171.58
0.5737,-89.20,-89.70,-3.42,-158.63,-100.64,-60.77,550.16,518.01,1214.24,255.20,170.08,143.71
0.5750,-96.48,-93.93,18.75,-155.07,-97.68,-57.00,461.58,415.73,954.55,187.36,121.48,102.49
0.5763,-86.38,-81.84,74.41,-140.69,-87.51,-47.72,336.69,283.79,649.75,101.27,61.99,54.15
0.5775,-60.60,-55.46,154.73,-117.62,-71.64,-34.27,194.31,142.22,346.27,10.06,0.68,6.09
0.5787,-23.06,-18.88,247.30,-89.32,-52.43,-18.66,55.90,12.47,90.40,-72.25,-53.04,-34.29
0.5800,20.78,22.42,338.05,-60.12,-32.81,-3.25,-57.68,-85.84,-79.04,-133.00,-90.91,-60.77
0.5813,64.57,62.35,413.29,-34.55,-15.82,9.55,-129.29,-137.96,-136.68,-162.87,-107.12,-69.26
0.5825,102.00,95.10,461.86,-16.61,-4.10,17.72,-148.20,-136.21,-74.39,-157.35,-99.23,-58.49
0.5837,127.54,115.89,476.74,-9.09,0.49,19.96,-111.62,-81.03,97.86,-117.36,-68.48,-30.14
0.5850,137.27,121.67,455.98,-13.15,-2.76,15.91,-25.10,19.19,353.84,-49.02,-19.53,11.49
0.5863,129.47,111.47,402.82,-28.10,-13.33,6.21,98.37,149.37,654.92,37.30,40.20,60.08
0.5875,104.93,86.59,325.09,-51.56,-29.56,-7.61,240.17,289.85,955.59,128.51,101.64,108.26
0.5887,67.09,50.54,234.19,-79.89,-48.93,-23.38,378.80,419.31,1210.13,210.69,155.44,148.67
0.5900,21.64,8.67,143.64,-108.74,-68.43,-38.67,493.03,517.97,1379.66,271.32,193.36,175.15
0.5913,-24.21,-32.56,67.19,-133.76,-85.10,-51.17,565.28,570.69,1438.23,301.14,209.63,183.67
0.5925,-62.92,-66.51,16.84,-151.28,-96.46,-59.04,584.34,569.32,1376.86,295.65,201.78,172.97
0.5938,-87.94,-87.55,0.83,-158.80,-100.91,-61.22,547.17,513.95,1204.79,255.76,171.06,144.74
0.5950,-94.95,-92.00,22.30,-155.40,-97.91,-57.54,459.32,412.84,947.89,187.56,122.17,103.30
0.5963,-82.68,-78.88,78.65,-141.72,-88.05,-48.66,334.12,281.26,644.89,101.45,62.55,54.96
0.5975,-53.14,-50.10,161.81,-119.84,-72.85,-35.97,190.66,139.23,341.77,10.52,1.28,7.07
0.5988,-11.25,-10.20,259.29,-92.97,-54.59,-21.33,50.96,8.53,84.85,-71.37,-52.26,-33.06
0.6000,36.09,34.39,355.95,-65.00,-35.92,-6.86,-63.48,-90.73,-86.45,-131.75,-89.91,-59.34
0.6013,81.16,76.47,436.42,-40.01,-19.58,5.38,-135.07,-143.29,-145.95,-161.49,-105.99,-67.80
0.6025,116.72,109.21,487.64,-21.71,-7.95,13.60,-152.93,-141.16,-84.69,-156.19,-98.13,-57.25
0.6038,137.16,127.36,501.13,-12.81,-2.74,16.65,-114.42,-84.71,87.96,-116.76,-67.62,-29.36
0.6050,139.38,128.03,474.41,-14.67,-4.73,14.07,-25.45,17.49,345.98,-49.23,-19.12,11.64
0.6063,123.14,111.12,411.37,-27.03,-13.60,6.27,100.59,150.04,650.61,36.19,40.02,59.54
0.6075,90.88,79.17,321.46,-48.00,-28.00,-5.54,244.73,292.97,955.87,126.57,100.85,107.07
0.6088,47.26,36.89,218.17,-74.31,-45.70,-19.55,385.27,424.62,1215.43,208.16,154.08,146.97
0.6100,-1.56,-9.61,116.82,-101.80,-63.90,-33.51,500.96,525.03,1389.71,268.46,191.56,173.10
0.6113,-48.78,-53.71,32.23,-126.07,-79.70,-45.16,574.31,579.00,1452.24,298.22,207.52,181.42
0.6125,-87.81,-89.26,-23.61,-143.20,-90.53,-52.55,594.29,578.47,1393.77,292.82,199.50,170.63
0.6138,-113.20,-111.36,-43.25,-150.43,-94.62,-54.44,558.00,523.70,1223.59,253.05,168.69,142.33
0.6150,-121.40,-117.07,-24.72,-146.59,-91.27,-50.43,471.01,423.12,967.88,184.90,119.75,100.80
0.6162,-111.32,-105.77,28.41,-132.26,-80.95,-41.09,346.46,292.05,665.67,98.74,60.09,52.33
0.6175,-84.52,-79.29,107.65,-109.58,-65.18,-27.79,203.11,150.36,363.08,7.72,-1.18,4.33
0.6188,-45.06,-41.68,200.87,-81.98,-46.30,-12.51,62.56,19.52,106.25,-74.16,-54.68,-35.83
0.6200,1.10,1.35,293.83,-53.59,-27.15,2.46,-53.92,-80.71,-65.88,-134.34,-92.19,-61.96
0.6212,46.88,43.22,372.26,-28.69,-10.62,14.87,-128.70,-135.29,-127.63,-163.64,-108.01,-70.08
0.6225,85.21,77.44,424.02,-11.05,0.80,22.84,-150.44,-136.12,-70.30,-157.75,-99.79,-59.02
0.6238,110.17,98.70,441.03,-3.36,5.37,25.16,-115.74,-83.14,97.01,-117.77,-68.92,-30.54
0.6250,117.95,103.72,420.59,-6.82,2.37,21.48,-29.62,15.82,349.13,-49.97,-20.17,10.94
0.6262,107.54,91.82,365.85,-20.96,-7.75,12.34,95.29,146.15,648.56,35.25,39.01,59.06
0.6275,80.81,64.99,285.34,-43.73,-23.51,-0.93,240.43,288.51,950.70,124.87,99.58,106.44
0.6288,42.24,27.63,191.70,-71.79,-42.61,-16.39,383.98,421.55,1210.18,205.23,152.27,145.82
0.6300,-1.86,-14.20,99.80,-101.03,-62.24,-31.79,504.06,525.06,1387.74,264.08,189.01,171.13
0.6312,-44.32,-53.69,24.42,-127.11,-79.51,-44.90,582.06,583.15,1456.29,292.48,204.21,178.52
0.6325,-78.31,-84.45,-22.19,-146.20,-91.88,-53.82,605.70,586.71,1405.15,286.20,195.60,166.91
0.6338,-98.35,-101.47,-32.27,-155.51,-97.59,-57.29,571.07,534.90,1241.72,246.28,164.53,138.15
0.6350,-101.17,-101.93,-3.79,-153.77,-95.88,-54.91,483.33,435.40,990.38,178.80,115.75,96.63
0.6362,-86.16,-85.52,59.45,-141.36,-87.08,-47.12,355.99,303.32,689.09,93.94,56.64,48.64
0.6375,-55.37,-54.51,148.46,-120.22,-72.61,-35.16,208.89,159.02,383.92,4.50,-3.86,1.44
0.6388,-13.23,-13.32,250.36,-93.61,-54.68,-20.90,64.99,24.95,122.10,-76.00,-56.59,-37.86
0.6400,34.13,32.03,350.22,-65.58,-36.07,-6.56,-53.31,-78.02,-55.66,-135.33,-93.55,-63.33
0.6412,79.66,74.81,433.17,-40.44,-19.64,5.65,-127.86,-133.97,-121.82,-164.46,-109.15,-71.15
0.6425,116.46,108.59,486.69,-22.04,-7.96,13.81,-147.63,-134.51,-66.42,-158.93,-101.04,-60.15
0.6438,138.88,128.21,502.58,-13.26,-2.85,16.63,-110.21,-79.94,101.64,-119.48,-70.40,-31.95
0.6450,143.42,130.63,478.34,-15.50,-5.15,13.63,-21.94,21.00,356.28,-51.92,-21.75,9.29
0.6462,129.37,115.45,417.63,-28.51,-14.56,5.22,103.28,152.58,658.30,33.74,37.69,57.49
0.6475,98.95,85.01,329.74,-50.44,-29.71,-7.38,246.17,294.50,961.15,124.64,99.02,105.48
0.6487,57.01,44.12,228.41,-78.03,-48.36,-22.33,384.86,424.87,1218.00,207.04,152.99,146.02
0.6500,10.21,-0.74,129.74,-107.11,-67.68,-37.37,498.12,523.62,1389.02,268.36,191.39,172.97
0.6512,-34.07,-42.39,49.65,-133.11,-84.66,-50.15,568.57,575.54,1447.70,299.27,208.36,182.23
0.6525,-68.93,-74.20,1.15,-151.78,-96.55,-58.60,585.36,572.65,1384.92,295.10,201.37,172.43
0.6538,-89.06,-91.17,-8.03,-159.90,-101.31,-61.25,545.79,515.28,1210.10,256.59,171.56,145.14
0.6550,-91.55,-90.79,23.19,-155.90,-98.02,-57.53,455.67,412.00,949.49,189.69,123.54,104.55
0.6562,-76.23,-73.38,89.11,-140.26,-87.10,-47.92,328.49,278.28,642.29,104.68,64.66,56.91
0.6575,-45.76,-42.07,178.15,-115.57,-70.31,-33.99,183.40,134.28,334.82,14.54,3.97,9.51
0.6587,-5.30,-2.35,274.81,-86.16,-50.56,-18.14,42.40,1.81,73.70,-66.95,-49.25,-30.35
0.6600,38.05,38.68,362.16,-57.39,-31.41,-3.21,-72.99,-98.95,-101.45,-127.38,-86.86,-56.61
0.6613,76.40,73.51,424.95,-34.66,-16.40,8.05,-145.14,-152.70,-164.19,-157.63,-103.19,-65.28
0.6625,102.52,95.62,452.64,-22.22,-8.32,13.61,-163.03,-151.31,-105.28,-153.25,-95.87,-55.16
0.6637,111.49,101.02,441.97,-22.18,-8.50,12.63,-123.93,-94.98,66.24,-115.04,-66.10,-27.85
0.6650,102.16,89.37,398.10,-33.87,-16.43,5.73,-33.63,7.87,324.65,-48.85,-18.46,12.45
0.6663,77.71,64.35,333.87,-53.92,-29.82,-5.11,94.42,141.88,631.30,35.28,39.84,59.63
0.6675,45.14,33.00,267.00,-76.90,-45.06,-16.96,241.09,286.96,940.15,124.58,99.92,106.52
0.6687,13.61,4.07,215.87,-96.71,-58.09,-26.69,384.35,421.23,1204.46,205.42,152.59,145.90
0.6700,-8.06,-14.36,194.72,-108.12,-65.48,-31.75,502.52,524.33,1384.04,265.36,189.74,171.71
0.6712,-13.80,-17.05,209.78,-108.12,-65.29,-30.84,577.63,580.61,1451.65,295.14,205.63,179.92
0.6725,-1.89,-3.01,257.53,-96.68,-57.59,-24.21,598.27,581.59,1397.25,290.15,197.78,169.25
0.6737,24.74,24.31,325.71,-76.74,-44.37,-13.59,561.39,527.22,1229.43,251.10,167.35,141.28
0.6750,59.44,58.12,396.72,-53.32,-29.00,-1.72,472.74,425.91,973.97,183.85,118.91,100.21
0.6762,93.71,90.15,452.20,-32.23,-15.31,8.41,346.02,293.22,669.98,98.57,59.78,52.25
0.6775,119.27,112.67,477.46,-18.63,-6.72,14.23,200.80,149.60,364.23,8.16,-1.11,4.63
0.6787,129.83,120.11,464.61,-15.92,-5.42,14.18,59.51,17.26,103.94,-73.64,-54.50,-35.42
0.6800,122.21,110.07,413.69,-25.09,-12.00,7.99,-56.04,-83.36,-70.63,-134.37,-92.29,-61.82
0.6812,96.74,83.52,332.12,-44.66,-25.43,-3.31,-128.15,-136.83,-132.67,-164.86,-108.80,-70.62
0.6825,57.05,44.42,232.91,-71.17,-43.31,-17.72,-145.94,-135.09,-72.92,-160.56,-101.59,-60.58
0.6837,9.40,-1.03,132.09,-99.90,-62.48,-32.64,-106.91,-78.56,99.28,-122.23,-71.84,-33.27
0.6850,-38.41,-45.52,45.88,-125.92,-79.60,-45.46,-17.15,24.09,357.79,-55.71,-24.06,7.14
0.6862,-78.34,-81.79,-11.95,-144.90,-91.78,-54.02,109.72,157.33,663.55,28.94,34.53,54.57
0.6875,-103.53,-103.86,-32.24,-153.92,-97.14,-57.00,254.52,301.01,970.34,118.91,95.07,101.82
0.6887,-109.55,-107.98,-11.69,-151.78,-94.95,-54.05,395.36,433.35,1231.50,200.50,148.34,141.69
0.6900,-95.18,-93.26,46.71,-139.10,-85.73,-45.81,510.86,534.20,1407.19,261.22,186.16,168.07
0.6912,-62.70,-61.87,134.23,-118.02,-71.06,-33.68,583.42,588.21,1470.63,291.77,202.74,176.90
0.6925,-17.43,-18.75,237.58,-91.80,-53.23,-19.57,601.88,587.11,1412.18,287.48,195.53,166.81
0.6937,33.14,29.20,340.78,-64.39,-34.94,-5.59,563.20,530.92,1240.68,249.07,165.67,139.39
0.6950,80.72,74.23,427.54,-39.82,-18.90,6.21,472.95,427.95,981.83,182.45,117.72,98.85
0.6962,117.64,109.06,483.96,-21.69,-7.45,14.12,344.46,293.51,674.46,97.85,59.06,51.41
0.6975,138.10,128.14,500.91,-12.68,-2.26,17.03,196.93,147.78,364.89,8.28,-1.31,4.39
0.6987,139.15,128.56,475.59,-14.12,-4.07,14.54,52.66,12.80,99.98,-72.49,-54.06,-34.95
0.7000,121.00,110.43,411.96,-25.84,-12.60,7.03,-66.41,-90.97,-80.11,-132.04,-91.07,-60.52
0.7012,86.90,76.87,320.07,-46.16,-26.61,-4.43,-142.10,-147.79,-148.34,-161.31,-106.70,-68.43
0.7025,42.54,33.40,214.49,-72.16,-44.07,-18.18,-162.86,-149.14,-94.81,-155.95,-98.64,-57.53
0.7037,-4.97,-13.00,112.00,-100.00,-62.42,-32.25,-125.55,-94.88,72.03,-116.92,-68.19,-29.53
0.7050,-48.22,-55.00,28.86,-125.53,-78.94,-44.55,-35.84,6.78,326.93,-50.22,-20.02,11.29
0.7062,-80.70,-86.12,-21.88,-144.85,-91.14,-53.26,92.63,140.50,631.51,34.06,38.59,58.77
0.7075,-97.79,-101.80,-32.53,-154.98,-97.15,-57.02,240.25,285.95,939.69,123.23,98.80,105.77
0.7087,-97.41,-100.02,-1.94,-154.26,-96.01,-55.20,384.41,420.89,1204.38,203.82,151.50,145.18
0.7100,-80.17,-81.49,64.56,-142.69,-87.81,-48.00,502.97,524.54,1384.84,263.60,188.68,171.01
0.7112,-49.14,-49.43,156.18,-121.87,-73.67,-36.39,577.78,580.99,1453.20,293.45,204.68,179.33
0.7125,-9.22,-9.00,258.48,-94.86,-55.65,-22.03,597.62,581.69,1398.99,288.77,197.05,168.86
0.7137,33.57,33.60,355.54,-65.72,-36.43,-7.04,559.82,526.77,1230.68,250.18,166.90,141.15
0.7150,72.94,71.93,432.38,-38.90,-18.93,6.27,470.53,424.89,974.23,183.44,118.76,100.34
0.7162,103.14,100.29,477.30,-18.58,-5.88,15.85,343.64,291.83,669.08,98.56,59.85,52.55
0.7175,119.70,114.49,483.59,-7.92,0.70,20.19,198.64,148.07,362.18,8.38,-0.92,5.01
0.7188,120.09,112.42,450.46,-8.53,-0.22,18.62,57.68,15.69,100.84,-73.38,-54.33,-35.06
0.7200,104.00,94.27,382.96,-20.26,-8.46,11.41,-57.73,-85.09,-74.79,-134.27,-92.27,-61.57
0.7212,73.47,62.54,291.05,-41.19,-22.69,-0.26,-130.08,-138.98,-138.03,-165.05,-109.01,-70.54
0.7225,32.70,21.69,188.18,-67.99,-40.67,-14.53,-148.56,-137.99,-79.65,-161.12,-102.07,-60.66
0.7238,-12.48,-22.42,89.40,-96.47,-59.54,-29.11,-110.61,-82.47,91.12,-123.12,-72.57,-33.48
0.7250,-55.33,-63.29,9.23,-122.20,-76.38,-41.72,-22.21,19.05,348.28,-56.79,-24.94,6.91
0.7262,-89.23,-94.74,-40.43,-141.27,-88.57,-50.41,103.10,151.12,652.91,27.92,33.68,54.47
0.7275,-108.74,-111.85,-52.12,-150.85,-94.30,-53.89,246.25,293.65,958.75,118.26,94.45,102.05
0.7288,-110.47,-111.77,-23.91,-149.64,-92.79,-51.74,385.47,424.86,1219.01,200.52,148.16,142.43
0.7300,-93.65,-94.11,40.40,-138.02,-84.39,-44.41,499.48,524.61,1393.60,262.12,186.59,169.43
0.7312,-60.28,-61.09,131.87,-117.93,-70.50,-33.17,570.87,577.61,1455.63,293.60,203.84,178.91
0.7325,-14.89,-17.22,237.59,-92.58,-53.35,-19.85,588.68,575.74,1395.53,290.13,197.28,169.42
0.7338,36.01,31.27,342.43,-65.93,-35.66,-6.59,550.12,519.24,1222.45,252.24,167.91,142.42
0.7350,84.84,77.26,431.11,-42.12,-20.20,4.51,460.90,416.60,962.53,185.76,120.23,102.04
0.7362,124.08,113.81,490.46,-24.78,-9.34,11.73,334.37,283.26,655.06,100.86,61.53,54.47
0.7375,147.52,135.30,511.51,-16.55,-4.76,13.98,189.62,139.36,346.62,10.54,0.79,6.99
0.7388,151.45,138.34,491.05,-18.63,-7.11,10.94,48.60,6.74,84.15,-71.33,-52.64,-33.09
0.7400,135.28,122.47,432.14,-30.70,-16.05,3.08,-67.22,-94.44,-92.48,-132.18,-90.57,-59.61
0.7412,101.73,90.21,343.84,-51.01,-30.24,-8.44,-140.21,-148.86,-156.70,-162.72,-107.19,-68.52
0.7425,56.23,46.68,239.83,-76.56,-47.59,-21.94,-159.35,-148.39,-99.27,-158.35,-100.01,-58.50
0.7437,5.99,-1.25,136.36,-103.56,-65.54,-35.44,-121.83,-93.22,70.67,-119.83,-70.16,-31.11
0.7450,-41.19,-46.08,49.67,-127.93,-81.39,-46.92,-33.40,8.25,327.27,-53.01,-22.17,9.51
0.7462,-78.18,-80.95,-6.76,-145.95,-92.73,-54.64,92.64,140.73,631.85,31.97,36.72,57.22
0.7475,-99.55,-100.63,-24.35,-154.81,-97.82,-57.40,237.35,284.26,938.43,122.22,97.55,104.77
0.7488,-102.35,-102.35,-0.75,-153.11,-95.85,-54.75,378.92,417.10,1200.46,203.95,151.02,144.87
0.7500,-86.38,-86.07,60.06,-141.08,-87.10,-47.08,495.92,519.09,1377.99,264.63,188.92,171.33
0.7512,-54.18,-54.41,148.55,-120.53,-72.87,-35.50,570.54,574.74,1444.03,294.93,205.39,180.03
0.7525,-10.61,-12.19,251.18,-94.55,-55.30,-21.76,591.37,575.64,1388.63,290.23,197.93,169.63
0.7537,37.86,34.26,352.38,-67.12,-37.05,-7.93,555.10,521.59,1220.27,251.28,167.70,141.75
0.7550,84.07,77.99,436.84,-42.45,-20.93,3.85,466.96,420.65,964.30,184.06,119.31,100.64
0.7562,121.21,112.53,491.91,-24.38,-9.45,11.75,340.00,287.83,659.14,98.80,60.15,52.61
0.7575,143.93,132.84,509.54,-15.77,-4.42,14.49,193.18,143.05,350.76,8.50,-0.75,5.02
0.7588,149.06,136.07,487.55,-18.03,-6.68,11.58,48.68,8.16,85.85,-73.07,-54.07,-34.83
0.7600,136.05,121.97,429.78,-30.91,-15.95,3.38,-71.45,-96.32,-95.38,-133.48,-91.66,-60.84
0.7612,106.95,92.82,345.38,-52.49,-30.88,-8.92,-148.76,-154.46,-165.49,-163.59,-107.83,-69.06
0.7625,66.04,53.04,247.32,-79.45,-49.19,-23.47,-171.31,-157.33,-113.99,-158.95,-100.18,-58.34
0.7637,19.22,8.55,150.46,-107.60,-68.03,-37.99,-135.62,-104.45,51.29,-120.37,-69.98,-30.38
0.7650,-26.75,-34.13,69.29,-132.49,-84.44,-50.19,-47.12,-3.75,305.51,-53.73,-21.81,10.55
0.7662,-65.16,-68.75,15.78,-150.18,-95.82,-58.10,80.69,129.53,610.44,30.93,37.04,58.27
0.7675,-90.31,-90.25,-2.40,-157.92,-100.38,-60.44,228.31,275.12,919.89,120.88,97.70,105.61
0.7687,-98.40,-95.50,17.07,-154.53,-97.40,-56.82,373.15,410.70,1186.56,202.51,150.97,145.38
0.7700,-88.14,-83.74,70.99,-140.59,-87.37,-47.80,493.00,515.43,1369.42,263.39,188.74,171.56
0.7712,-60.95,-56.71,151.24,-118.28,-71.85,-34.78,569.57,573.24,1440.31,294.22,205.24,180.14
0.7725,-20.82,-18.39,245.89,-91.02,-53.21,-19.74,591.33,575.38,1388.45,290.23,197.94,169.82
0.7737,26.22,25.51,340.81,-62.94,-34.28,-4.98,555.33,521.73,1221.97,251.92,167.88,142.10
0.7750,72.94,68.29,421.66,-38.24,-17.92,7.25,467.47,420.76,966.56,184.92,119.53,101.10
0.7762,111.96,103.29,475.93,-20.60,-6.58,15.15,341.57,288.19,661.58,99.24,60.08,52.90
0.7775,136.85,124.87,494.92,-12.57,-1.89,17.57,197.19,144.59,354.18,7.75,-1.52,4.72
0.7787,143.25,129.29,475.08,-15.18,-4.46,14.29,56.67,12.27,92.11,-75.68,-55.98,-36.18
0.7800,129.67,115.41,418.59,-27.88,-13.76,5.92,-58.27,-88.26,-83.86,-138.37,-95.04,-63.63
0.7812,97.81,84.93,333.15,-48.59,-28.26,-6.15,-129.96,-141.51,-146.50,-170.80,-112.81,-73.51
0.7825,52.37,42.22,231.06,-74.12,-45.69,-20.00,-147.45,-139.35,-86.25,-168.15,-106.70,-64.41
0.7837,0.33,-6.30,127.47,-100.59,-63.37,-33.49,-108.17,-82.19,87.64,-130.95,-77.73,-37.81
0.7850,-50.25,-53.21,38.08,-123.98,-78.58,-44.57,-18.20,21.29,348.86,-64.92,-30.34,2.23
0.7863,-91.61,-91.32,-23.46,-140.74,-89.03,-51.53,108.74,155.41,657.99,19.92,28.29,49.63
0.7875,-117.62,-114.92,-47.94,-148.26,-93.10,-53.30,253.34,299.79,968.16,110.74,89.28,97.23
0.7887,-124.75,-120.70,-32.06,-145.33,-90.14,-49.56,393.47,432.39,1232.00,193.77,143.38,137.80
0.7900,-112.47,-108.19,21.10,-132.26,-80.52,-40.79,507.61,532.84,1408.94,256.41,182.38,165.18
0.7913,-83.15,-79.73,102.76,-110.88,-65.58,-28.21,578.14,585.62,1471.67,289.16,200.38,175.24
0.7925,-41.53,-39.95,199.91,-84.32,-47.49,-13.62,594.07,582.55,1410.39,287.15,194.73,166.52
0.7937,6.03,4.94,297.27,-56.55,-28.93,0.83,552.75,523.91,1234.17,250.80,166.38,140.43
0.7950,52.41,48.07,379.71,-31.84,-12.71,12.96,460.18,418.37,969.37,185.77,119.72,101.02
0.7962,90.77,82.94,434.54,-14.03,-1.35,20.88,330.12,281.71,655.70,102.03,61.91,54.35
0.7975,115.42,104.37,453.49,-5.91,3.37,23.34,182.10,134.46,340.42,12.43,1.83,7.60
0.7987,122.76,109.22,433.92,-8.78,0.70,19.93,38.49,-1.10,71.26,-69.27,-51.27,-32.03
0.8000,111.74,96.85,379.03,-22.22,-9.00,11.15,-78.88,-104.43,-111.02,-130.50,-89.21,-58.42
0.8012,84.15,69.25,297.41,-44.21,-24.25,-1.71,-152.27,-159.98,-179.14,-161.91,-106.20,-67.52
0.8025,44.34,30.74,201.70,-71.47,-42.80,-16.72,-170.70,-159.57,-123.44,-158.75,-99.66,-57.96
0.8037,-1.34,-12.59,106.85,-99.94,-61.86,-31.66,-131.63,-103.53,47.02,-121.55,-70.63,-31.21
0.8050,-45.56,-53.86,27.84,-125.40,-78.62,-44.35,-41.08,-0.45,306.13,-55.99,-23.50,8.69
0.8062,-81.27,-86.45,-22.68,-144.09,-90.61,-52.93,87.35,134.12,614.73,27.95,34.58,55.68
0.8075,-102.87,-105.20,-36.60,-153.22,-96.06,-56.18,234.51,279.97,926.24,117.46,94.76,102.61
0.8087,-107.18,-107.22,-11.61,-151.43,-94.18,-53.63,378.44,415.21,1193.60,198.78,147.80,142.21
0.8100,-93.85,-92.36,48.42,-138.93,-85.23,-45.65,497.63,519.53,1376.42,259.33,185.46,168.33
0.8112,-65.32,-63.15,134.11,-117.48,-70.50,-33.39,574.17,577.31,1447.33,289.72,201.89,176.85
0.8125,-26.34,-24.34,232.07,-90.17,-52.09,-18.58,596.55,579.98,1396.18,285.27,194.53,166.42
0.8137,16.85,17.83,326.86,-61.00,-32.71,-3.37,561.33,527.27,1231.20,246.69,164.49,138.62
0.8150,57.45,56.66,403.46,-34.29,-15.22,10.01,473.67,427.11,977.60,179.92,116.37,97.70
0.8162,89.13,86.04,449.63,-14.09,-2.23,19.56,346.63,294.53,673.72,95.19,57.52,49.91
0.8175,107.03,101.39,457.96,-3.45,4.31,23.87,199.26,149.48,365.53,5.43,-3.06,2.58
0.8187,108.45,100.35,427.02,-4.01,3.40,22.29,53.92,13.93,99.81,-75.62,-56.09,-37.02
0.8200,93.27,83.14,361.49,-15.69,-4.81,15.06,-67.18,-91.50,-83.06,-135.60,-93.47,-62.84
0.8212,63.91,52.46,271.38,-36.75,-19.09,3.25,-145.48,-150.75,-155.43,-165.43,-109.54,-70.99
0.8225,24.96,13.05,170.45,-64.04,-37.30,-11.35,-168.95,-154.79,-106.57,-160.70,-101.93,-60.31
0.8237,-17.55,-28.97,74.23,-93.45,-56.72,-26.57,-133.99,-103.00,55.99,-122.25,-71.89,-32.50
0.8250,-57.00,-67.11,-2.40,-120.56,-74.42,-40.12,-45.87,-3.10,307.83,-55.96,-24.00,8.18
0.8262,-87.23,-95.40,-47.51,-141.27,-87.75,-49.95,82.06,129.87,611.15,28.15,34.52,55.59
0.8275,-103.44,-109.38,-54.01,-152.50,-94.72,-54.64,230.29,275.73,920.12,117.38,94.80,102.57
0.8287,-102.98,-106.78,-20.71,-152.64,-94.34,-53.52,376.03,412.12,1187.51,198.23,147.70,142.01
0.8300,-85.72,-87.79,47.63,-141.76,-86.75,-46.83,496.71,517.92,1372.04,258.43,185.18,167.93
0.8312,-54.04,-55.08,141.05,-121.58,-73.15,-35.65,573.52,576.64,1444.94,288.85,201.54,176.43
0.8325,-12.48,-13.34,245.92,-95.25,-55.67,-21.74,594.55,579.10,1394.63,284.90,194.36,166.27
0.8337,32.94,31.34,346.82,-66.82,-37.01,-7.26,556.66,524.86,1228.51,247.19,164.74,139.04
0.8350,75.57,72.42,428.85,-40.72,-20.09,5.49,465.91,422.28,971.74,181.41,117.18,98.85
0.8362,109.12,103.83,479.87,-21.02,-7.58,14.49,336.51,287.21,663.49,97.44,58.85,51.74
0.8375,128.61,120.93,492.47,-10.82,-1.44,18.31,188.54,140.51,351.13,7.93,-1.46,4.80
0.8387,131.18,121.27,465.08,-11.72,-2.67,16.31,44.82,4.90,82.91,-73.57,-54.61,-34.86
0.8400,116.56,104.91,402.22,-23.60,-11.10,8.77,-72.66,-98.78,-99.73,-134.66,-92.54,-61.23
0.8412,87.10,74.47,313.70,-44.71,-25.49,-3.20,-146.22,-154.78,-168.87,-166.03,-109.49,-70.32
0.8425,47.40,34.69,213.23,-71.86,-43.68,-17.81,-165.09,-154.90,-114.42,-162.89,-102.90,-60.73
0.8438,3.55,-8.27,116.36,-100.96,-62.92,-32.85,-126.91,-99.53,54.74,-125.67,-73.76,-33.90
0.8450,-37.81,-47.84,38.02,-127.53,-80.27,-46.03,-37.86,2.58,312.49,-59.93,-26.43,6.18
0.8462,-70.61,-78.07,-9.87,-147.47,-93.04,-55.29,88.42,135.78,619.49,24.48,32.01,53.53
0.8475,-90.16,-94.60,-20.32,-157.63,-99.22,-59.17,232.89,279.83,928.97,114.84,92.75,101.02
0.8488,-93.86,-95.21,7.71,-156.39,-97.83,-57.02,373.81,412.88,1193.69,197.37,146.55,141.39
0.8500,-81.36,-80.08,69.42,-143.90,-89.02,-49.13,489.99,514.77,1373.21,259.39,185.15,168.43
0.8512,-54.61,-51.65,155.11,-122.02,-74.12,-36.66,563.95,570.18,1440.37,291.29,202.58,177.94
0.8525,-17.50,-14.19,251.75,-94.10,-55.37,-21.51,584.66,570.92,1385.38,288.11,196.12,168.40
0.8538,24.59,26.75,344.83,-64.42,-35.63,-5.99,549.10,517.08,1217.10,250.25,166.71,141.22
0.8550,65.52,65.16,420.42,-37.56,-17.95,7.49,462.67,416.90,961.37,183.47,118.77,100.49
0.8562,99.27,95.38,467.26,-17.67,-5.07,16.81,338.30,285.51,657.05,97.92,59.60,52.40
0.8575,120.78,112.95,478.47,-7.83,1.01,20.52,194.60,142.72,350.30,6.72,-1.77,4.28
0.8588,126.80,115.29,452.56,-9.54,-0.66,18.04,53.17,10.06,87.63,-76.13,-55.91,-36.46
0.8600,116.30,102.01,393.57,-22.52,-9.81,9.74,-64.60,-92.39,-91.19,-137.91,-94.50,-63.55
0.8612,90.69,75.04,310.37,-44.72,-25.02,-3.08,-140.81,-149.20,-159.40,-169.22,-111.66,-72.86
0.8625,53.53,38.23,215.31,-72.68,-43.92,-18.41,-163.90,-151.86,-107.19,-165.39,-104.82,-63.01
0.8638,10.14,-3.10,122.48,-102.03,-63.55,-33.84,-130.40,-100.07,57.10,-127.15,-75.12,-35.56
0.8650,-33.10,-42.88,45.62,-128.20,-80.85,-46.94,-45.51,-1.73,308.49,-60.35,-27.07,5.34
0.8662,-69.64,-75.20,-3.87,-147.15,-93.13,-55.67,77.75,128.24,608.98,24.94,32.09,53.53
0.8675,-93.69,-95.09,-18.66,-156.04,-98.54,-58.72,220.48,269.98,912.92,115.90,93.46,101.78
0.8687,-101.19,-99.31,3.56,-153.65,-96.33,-55.70,360.78,401.76,1173.73,198.80,147.76,142.80
0.8700,-90.51,-86.87,59.76,-140.53,-86.96,-47.20,477.14,503.26,1351.16,261.03,186.75,170.34
0.8712,-62.88,-59.26,142.07,-118.82,-71.95,-34.59,551.85,558.93,1417.82,293.09,204.47,180.20
0.8725,-22.27,-20.35,238.71,-91.88,-53.65,-19.86,573.67,560.35,1363.53,290.05,198.22,170.86
0.8738,25.09,24.08,335.46,-63.79,-34.85,-5.25,539.45,507.42,1196.73,252.33,168.91,143.72
0.8750,71.63,67.12,417.62,-38.73,-18.36,7.06,454.44,408.27,942.90,185.68,120.99,102.90
0.8762,109.73,101.85,472.26,-20.37,-6.64,15.28,331.47,277.97,640.67,100.23,61.75,54.62
0.8775,133.06,122.53,490.40,-11.38,-1.36,18.24,189.04,136.26,336.03,9.06,0.23,6.27
0.8787,137.74,125.65,468.62,-13.01,-3.24,15.61,48.76,4.69,75.49,-73.86,-54.13,-34.69
0.8800,123.01,110.54,409.76,-24.97,-11.95,7.82,-67.92,-96.68,-101.20,-135.84,-93.00,-62.00
0.8812,91.40,79.56,322.56,-45.49,-26.16,-3.92,-143.04,-152.38,-167.22,-167.46,-110.49,-71.53
0.8825,48.13,37.66,220.45,-71.57,-43.77,-17.91,-165.00,-153.91,-112.72,-164.06,-104.03,-61.92
0.8838,0.25,-8.42,119.40,-99.37,-62.18,-32.08,-130.36,-100.97,53.99,-126.28,-74.69,-34.74
0.8850,-44.65,-51.33,35.40,-124.73,-78.67,-44.36,-44.32,-1.46,307.88,-59.93,-26.97,5.85
0.8862,-79.65,-84.36,-18.29,-143.84,-90.75,-52.91,80.16,129.70,610.91,24.93,31.91,53.69
0.8875,-99.64,-102.53,-33.40,-153.75,-96.61,-56.44,224.29,272.77,917.44,115.41,93.00,101.49
0.8887,-102.03,-103.37,-7.92,-152.88,-95.30,-54.38,366.30,406.08,1180.97,197.69,146.95,141.95
0.8900,-86.99,-87.14,53.74,-141.25,-86.96,-46.97,484.65,509.37,1361.32,259.10,185.46,168.82
0.8912,-57.24,-56.72,141.63,-120.52,-72.76,-35.24,561.40,566.96,1431.12,290.17,202.57,177.94
0.8925,-17.48,-16.97,241.96,-93.74,-54.76,-20.90,584.99,570.22,1380.02,286.08,195.61,167.85
0.8937,26.39,26.04,339.25,-64.96,-35.67,-6.07,552.00,518.82,1216.20,247.41,165.61,140.06
0.8950,68.01,65.92,418.66,-38.62,-18.41,6.94,467.58,420.71,964.82,180.04,117.10,98.76
0.8962,101.47,96.86,468.31,-18.86,-5.68,16.10,344.64,290.89,664.27,94.17,57.43,50.21
0.8975,122.04,114.47,481.07,-8.81,0.49,19.92,201.86,149.13,360.41,2.87,-4.33,1.77
0.8987,126.80,116.35,455.52,-10.09,-0.89,17.76,60.92,17.02,99.68,-79.93,-58.74,-39.13
0.9000,115.02,102.31,395.95,-22.50,-9.66,9.91,-56.77,-85.35,-78.19,-141.57,-97.48,-66.26
0.9012,88.25,74.40,311.46,-44.11,-24.47,-2.42,-133.37,-142.52,-146.41,-172.68,-114.67,-75.48
0.9025,50.11,36.57,214.65,-71.51,-43.01,-17.30,-157.34,-145.99,-95.10,-168.63,-107.78,-65.45
0.9037,5.91,-5.80,119.73,-100.39,-62.37,-32.38,-125.09,-95.34,67.58,-130.13,-77.91,-37.77
0.9050,-37.98,-46.62,40.61,-126.20,-79.49,-45.26,-41.50,1.79,317.00,-63.07,-29.62,3.35
0.9062,-75.02,-79.89,-11.16,-144.93,-91.67,-53.88,80.84,130.80,615.68,22.42,29.80,51.70
0.9075,-99.52,-100.62,-28.06,-153.72,-97.03,-56.92,223.42,272.20,918.56,113.43,91.36,99.97
0.9087,-107.59,-105.64,-7.74,-151.28,-94.76,-53.91,364.44,404.42,1179.48,196.23,145.76,140.85
0.9100,-97.83,-94.08,46.72,-138.07,-85.26,-45.35,482.13,507.06,1358.26,258.26,184.73,168.15
0.9113,-71.53,-67.55,127.28,-116.17,-70.02,-32.57,558.18,564.19,1427.12,290.13,202.38,177.76
0.9125,-32.52,-29.91,222.04,-88.93,-51.39,-17.55,580.70,566.83,1375.12,287.06,196.11,168.30
0.9137,13.36,13.22,316.85,-60.50,-32.24,-2.59,546.16,514.43,1209.83,249.57,166.90,141.27
0.9150,59.16,55.34,397.35,-35.22,-15.49,10.02,459.89,414.92,956.11,183.33,119.21,100.78
0.9163,97.81,89.99,451.24,-16.92,-3.70,18.34,335.29,283.54,652.48,98.29,60.22,52.91
0.9175,123.28,111.82,470.19,-8.37,1.35,21.11,191.75,140.58,345.51,7.23,-1.17,4.87
0.9187,131.56,117.42,451.21,-10.86,-1.08,17.94,51.63,8.27,82.71,-76.12,-55.72,-36.13
0.9200,121.31,105.86,397.08,-23.97,-10.59,9.34,-63.27,-92.78,-95.03,-139.17,-95.19,-63.94
0.9212,94.10,78.86,315.91,-45.71,-25.72,-3.39,-135.22,-146.89,-160.05,-172.43,-113.67,-74.42
0.9225,54.24,40.61,220.05,-72.84,-44.20,-18.32,-153.37,-145.81,-102.36,-170.93,-108.46,-66.07
0.9237,8.12,-2.86,124.35,-101.32,-63.28,-33.25,-115.23,-89.84,69.20,-134.94,-80.41,-40.20
0.9250,-36.76,-44.58,43.91,-126.94,-80.12,-45.98,-26.86,12.37,328.55,-69.90,-33.74,-0.71
0.9262,-73.06,-77.76,-8.30,-145.92,-92.26,-54.68,98.25,145.27,636.43,14.43,24.52,46.47
0.9275,-94.84,-96.95,-23.65,-155.50,-97.96,-58.13,241.18,288.68,946.13,105.32,85.57,94.25
0.9287,-98.62,-98.97,0.73,-154.33,-96.44,-55.90,380.31,420.79,1210.40,188.95,140.15,135.35
0.9300,-83.88,-83.43,61.49,-142.64,-87.99,-48.38,494.53,521.44,1388.75,252.53,179.88,163.46
0.9312,-53.09,-52.77,149.55,-122.15,-73.89,-36.69,566.41,575.28,1453.84,286.28,198.66,174.27
0.9325,-11.28,-11.83,251.50,-95.87,-56.22,-22.57,584.91,574.06,1395.72,285.04,193.61,166.10
0.9337,34.88,32.91,351.56,-67.67,-37.58,-8.07,547.03,517.86,1223.14,249.01,165.49,140.21
0.9350,78.13,74.39,434.01,-41.72,-20.73,4.67,458.23,414.99,962.03,183.73,118.62,100.56
0.9362,111.82,106.14,485.86,-21.97,-8.19,13.74,331.56,280.74,651.53,99.23,60.18,53.26
0.9375,131.03,123.34,499.03,-11.48,-1.91,17.75,185.78,135.14,338.30,8.57,-0.81,5.62
0.9387,133.29,123.64,471.75,-12.00,-2.90,16.00,42.66,0.02,69.53,-74.24,-54.89,-34.94
0.9400,118.81,107.41,408.74,-23.63,-11.13,8.68,-76.31,-104.37,-114.41,-136.36,-93.66,-62.07
0.9412,90.20,77.52,320.29,-44.76,-25.48,-3.23,-153.23,-162.44,-186.26,-168.23,-111.13,-71.56
0.9425,51.85,38.73,220.41,-72.23,-43.84,-17.97,-176.58,-165.69,-135.98,-165.06,-104.64,-61.94
0.9437,9.19,-3.16,124.50,-101.77,-63.39,-33.27,-142.92,-113.83,28.13,-127.40,-75.22,-34.71
0.9450,-32.07,-42.21,46.85,-128.62,-81.01,-46.67,-57.37,-14.79,280.98,-61.06,-27.34,5.98
0.9462,-66.52,-73.13,-1.58,-148.37,-93.84,-55.94,67.26,116.57,584.44,23.91,31.73,53.98
0.9475,-89.67,-91.93,-14.66,-157.75,-99.72,-59.47,212.28,260.50,892.74,114.59,93.02,101.96
0.9487,-98.31,-96.26,8.36,-155.20,-97.63,-56.61,355.88,395.29,1159.16,197.16,147.18,142.60
0.9500,-90.97,-85.62,63.22,-141.15,-87.85,-47.78,476.31,500.53,1343.22,258.96,185.89,169.62
0.9512,-68.13,-61.35,141.57,-117.90,-71.93,-34.37,555.28,560.27,1417.05,290.50,203.19,178.86
0.9525,-32.36,-26.52,232.24,-89.21,-52.41,-18.55,580.78,565.50,1369.70,286.92,196.43,168.88
0.9537,11.69,14.28,322.52,-59.68,-32.43,-2.90,548.92,515.47,1208.66,248.79,166.64,141.21
0.9550,57.78,55.38,399.73,-33.96,-15.16,10.05,464.46,417.75,958.46,181.95,118.36,100.07
0.9562,98.88,90.74,452.79,-16.03,-3.32,18.26,340.14,287.09,657.00,96.59,58.94,51.71
0.9575,128.28,114.86,473.83,-8.55,1.29,20.46,194.77,143.29,350.02,5.72,-2.55,3.54
0.9587,140.94,123.70,459.42,-12.47,-1.95,16.41,50.54,8.28,84.30,-76.80,-56.73,-37.11
0.9600,134.44,115.52,411.22,-27.03,-12.42,6.83,-70.40,-97.26,-99.55,-138.42,-95.33,-64.02
0.9612,109.58,91.28,335.96,-49.90,-28.44,-6.75,-149.44,-157.18,-173.59,-169.88,-112.54,-73.18
0.9625,70.33,54.61,244.73,-77.60,-47.54,-22.23,-174.52,-162.38,-126.76,-166.57,-105.89,-63.30
0.9637,23.11,11.31,151.47,-106.06,-66.86,-37.32,-141.97,-112.17,33.64,-129.15,-76.49,-35.97
0.9650,-24.25,-31.58,70.92,-131.12,-83.57,-49.79,-57.00,-14.28,283.22,-63.30,-28.83,4.66
0.9662,-63.94,-67.05,16.11,-149.19,-95.26,-57.90,67.14,116.24,584.12,21.12,29.93,52.52
0.9675,-89.53,-89.27,-3.84,-157.70,-100.30,-60.53,211.23,259.31,890.38,111.50,90.99,100.46
0.9687,-97.10,-94.66,14.63,-155.48,-98.02,-57.38,353.03,392.81,1154.76,194.23,145.17,141.29
0.9700,-85.82,-82.48,68.90,-142.83,-88.78,-48.95,470.66,496.05,1336.18,256.78,184.26,168.84
0.9712,-57.97,-54.85,150.60,-121.52,-73.91,-36.45,546.08,553.08,1406.33,289.61,202.33,178.95
0.9725,-18.35,-16.39,246.89,-94.56,-55.52,-21.63,567.80,555.15,1354.26,287.68,196.64,170.08
0.9737,26.62,26.67,342.54,-65.86,-36.27,-6.61,532.60,502.00,1187.85,251.26,168.06,143.59
0.9750,69.98,67.51,422.32,-39.71,-19.00,6.39,445.84,401.73,932.39,185.89,120.93,103.50
0.9762,105.25,99.83,473.66,-20.11,-6.34,15.43,320.63,269.55,626.65,101.53,62.42,55.91
0.9775,127.30,118.79,488.60,-10.14,-0.26,19.10,175.86,125.47,317.07,11.05,1.47,8.11
0.9787,132.94,121.63,465.00,-11.39,-1.73,16.82,33.51,-8.62,50.78,-71.72,-52.60,-32.59
0.9800,121.30,107.97,406.61,-23.67,-10.53,8.92,-84.72,-112.35,-131.70,-134.14,-91.55,-59.95
0.9812,93.95,79.82,322.24,-45.03,-25.28,-3.36,-160.66,-169.92,-202.82,-166.80,-109.48,-69.88
0.9825,54.72,41.24,224.49,-72.12,-43.68,-18.09,-182.61,-172.56,-151.99,-164.91,-103.80,-60.97
0.9837,9.40,-2.08,127.92,-100.74,-62.87,-32.99,-147.06,-119.73,13.10,-128.91,-75.47,-34.70
0.9850,-35.06,-43.58,47.10,-126.49,-79.89,-45.76,-59.17,-19.19,267.89,-64.34,-28.84,4.90
0.9862,-71.59,-76.80,-5.59,-145.52,-92.15,-54.50,67.94,114.15,574.47,19.02,29.03,51.80
0.9875,-94.16,-96.40,-21.82,-155.06,-97.88,-57.96,215.15,260.28,886.89,108.59,89.38,98.89
0.9887,-98.95,-99.08,1.29,-153.83,-96.31,-55.72,360.05,397.00,1157.73,190.79,143.05,138.99
0.9900,-85.01,-84.17,60.71,-142.13,-87.79,-48.22,480.39,503.32,1345.43,253.08,181.83,166.00
0.9912,-54.44,-53.80,147.83,-121.77,-73.66,-36.63,557.58,562.80,1420.99,285.97,199.81,175.79
0.9925,-12.01,-12.58,249.71,-95.80,-56.06,-22.70,579.75,566.27,1372.71,284.42,194.25,166.91
0.9937,35.73,33.18,350.90,-68.10,-37.65,-8.52,543.65,513.24,1207.92,248.65,165.99,140.69
0.9950,81.58,76.51,435.95,-42.87,-21.21,3.75,455.05,411.92,951.85,184.00,119.29,101.11
0.9962,118.81,110.94,491.92,-24.05,-9.28,12.20,327.73,277.96,643.73,100.19,61.17,54.08
0.9975,142.18,131.50,510.62,-14.64,-3.76,15.44,181.30,132.01,330.95,9.89,0.41,6.71
0.9987,148.57,135.43,489.77,-16.24,-5.59,12.88,38.18,-3.48,61.76,-73.17,-53.76,-33.81
1.0000,137.29,122.47,433.20,-28.71,-14.57,4.81,-79.87,-107.76,-122.42,-136.26,-93.05,-61.30
1.0012,110.17,94.78,350.00,-50.21,-29.42,-7.59,-155.05,-165.06,-193.58,-169.69,-111.48,-71.55
1.0025,71.30,56.63,253.11,-77.52,-47.92,-22.48,-176.20,-166.91,-141.40,-168.36,-106.23,-63.00
1.0037,26.58,13.87,157.49,-106.48,-67.29,-37.62,-140.42,-113.35,25.65,-132.46,-78.10,-36.93
1.0050,-17.13,-26.92,77.91,-132.66,-84.57,-50.69,-53.28,-12.65,281.91,-67.43,-31.34,2.74
1.0062,-52.99,-59.41,26.78,-152.08,-97.14,-59.72,72.05,119.91,588.51,16.83,26.96,50.01
1.0075,-75.34,-78.47,12.16,-161.77,-103.08,-63.33,216.79,264.30,899.00,107.44,87.92,97.69
1.0088,-80.70,-81.11,36.49,-160.26,-101.49,-61.00,359.23,398.73,1166.23,190.46,142.15,138.42
1.0100,-68.30,-66.90,96.17,-147.73,-92.59,-53.06,477.97,502.91,1349.65,253.03,181.25,165.86
1.0112,-40.23,-38.11,182.10,-126.02,-77.70,-40.67,555.20,561.22,1421.73,285.44,199.14,175.69
1.0125,-1.02,0.69,280.96,-98.35,-59.04,-25.66,579.38,565.09,1372.14,282.71,193.04,166.35
1.0137,43.08,43.33,377.14,-68.90,-39.41,-10.30,546.99,514.18,1209.07,245.29,163.88,139.24
1.0150,85.12,83.05,455.20,-42.22,-21.85,3.07,463.00,416.34,957.67,178.94,116.10,98.47
1.0162,118.49,113.50,502.42,-22.51,-9.10,12.34,340.11,286.41,656.18,93.80,57.00,50.25
1.0175,137.95,129.87,511.06,-12.93,-3.20,16.02,196.98,144.14,350.46,2.83,-4.44,1.93
1.0187,140.46,129.58,479.73,-15.02,-5.09,13.52,55.54,11.29,87.19,-80.13,-58.86,-39.13
1.0200,125.70,112.79,413.73,-28.40,-14.44,5.27,-62.38,-91.70,-93.28,-142.52,-97.99,-66.70
1.0212,96.17,82.36,324.25,-50.79,-29.66,-7.34,-138.57,-148.98,-163.31,-174.97,-115.97,-76.66
1.0225,56.84,43.45,226.55,-78.34,-48.15,-22.14,-161.41,-151.81,-112.31,-172.67,-110.17,-67.60
1.0237,14.41,2.70,137.35,-106.33,-66.73,-36.59,-127.74,-99.92,51.86,-136.03,-81.52,-40.94
1.0250,-23.88,-32.98,71.65,-130.02,-82.26,-48.25,-43.11,-1.42,304.17,-70.51,-34.31,-0.66
1.0262,-51.68,-57.79,39.59,-145.62,-92.25,-55.27,79.26,128.51,606.29,14.14,24.45,47.24
1.0275,-64.96,-68.30,43.93,-151.13,-95.44,-56.83,220.61,269.97,912.11,105.30,85.98,95.62
1.0287,-63.04,-64.40,79.11,-146.79,-92.07,-53.30,359.52,401.37,1174.79,189.17,140.99,137.17
1.0300,-48.84,-49.33,132.35,-135.05,-83.87,-46.19,475.02,502.72,1353.99,252.97,181.11,165.56
1.0312,-28.19,-29.01,186.59,-120.00,-73.60,-37.80,549.77,558.72,1422.41,286.87,200.15,176.40
1.0325,-8.34,-10.47,224.91,-106.33,-64.43,-30.62,572.62,561.05,1369.93,285.60,195.16,168.00
1.0337,4.00,0.03,235.10,-98.14,-59.05,-26.69,540.24,509.54,1204.90,249.26,166.82,141.59
1.0350,4.55,-1.26,213.30,-97.80,-58.98,-27.08,457.56,412.07,952.62,183.32,119.38,101.14
1.0362,-7.41,-14.46,165.28,-105.24,-64.11,-31.49,337.11,283.44,651.50,97.73,60.00,52.75
1.0375,-28.75,-36.03,104.90,-117.99,-72.70,-38.42,197.22,143.25,347.51,5.48,-2.31,3.77
1.0387,-53.47,-59.83,50.00,-131.82,-81.90,-45.51,59.33,13.01,87.31,-79.35,-58.04,-38.35
1.0400,-74.33,-78.81,17.40,-142.03,-88.56,-50.26,-55.28,-87.21,-89.03,-143.82,-98.68,-67.20
1.0412,-84.74,-86.87,18.54,-144.67,-90.06,-50.72,-128.97,-141.99,-154.46,-178.13,-118.07,-78.42
1.0425,-80.32,-80.29,57.02,-137.55,-85.01,-45.94,-150.48,-143.01,-99.17,-177.14,-113.34,-70.41
1.0437,-59.91,-58.54,128.19,-120.76,-73.52,-36.19,-116.62,-90.18,68.22,-141.10,-85.31,-44.45
1.0450,-25.81,-24.31,220.47,-96.53,-57.15,-22.90,-32.57,8.46,322.33,-75.59,-38.29,-4.55
1.0462,16.66,17.00,317.87,-68.72,-38.57,-8.25,89.08,138.08,624.91,9.40,20.55,43.24
1.0475,60.21,58.35,403.16,-42.00,-20.93,5.24,230.16,279.26,930.44,100.92,82.24,91.61
1.0487,97.01,92.42,461.11,-20.89,-7.23,15.26,369.48,410.71,1192.75,184.97,137.33,133.16
1.0500,120.36,113.09,481.26,-8.92,0.21,20.13,485.91,512.52,1372.05,248.71,177.37,161.50
1.0512,126.10,116.60,459.81,-8.12,0.15,19.06,561.59,569.15,1441.10,282.42,196.26,172.28
1.0525,113.37,102.31,400.12,-18.69,-7.42,12.19,584.75,571.86,1389.38,281.04,191.15,163.91
1.0537,84.68,72.76,312.04,-39.11,-21.36,0.57,551.51,520.01,1224.58,244.92,162.91,137.74
1.0550,45.27,33.09,210.19,-66.32,-39.57,-14.07,466.59,421.20,971.31,179.66,115.91,97.81
1.0562,1.99,-9.88,111.43,-96.24,-59.32,-29.58,342.52,290.10,667.43,95.31,57.38,50.28
1.0575,-37.94,-48.99,32.04,-124.33,-77.63,-43.64,197.83,146.35,358.64,4.80,-3.68,2.49
1.0587,-68.17,-77.86,-15.08,-146.30,-91.74,-54.19,54.29,11.59,91.56,-77.92,-57.83,-38.16
1.0600,-84.11,-91.99,-22.47,-158.82,-99.54,-59.64,-66.39,-93.85,-93.52,-140.13,-96.72,-65.35
1.0612,-83.54,-89.32,10.86,-159.98,-99.87,-59.21,-145.95,-154.14,-168.98,-172.31,-114.40,-74.90
1.0625,-66.69,-70.39,79.61,-149.68,-92.72,-53.01,-172.41,-160.36,-124.06,-169.62,-108.19,-65.37
1.0637,-36.12,-38.11,173.28,-129.56,-79.21,-42.00,-141.88,-111.73,33.90,-132.56,-79.09,-38.24
1.0650,3.77,2.76,277.89,-102.78,-61.47,-27.91,-59.06,-15.65,280.85,-66.79,-31.53,2.36
1.0662,47.26,46.25,377.98,-73.53,-42.25,-12.97,63.44,113.38,579.55,17.75,27.33,50.32
1.0675,88.06,86.00,458.81,-46.36,-24.58,0.49,206.97,255.80,884.80,108.34,88.63,98.42
1.0687,120.06,116.15,508.44,-25.49,-11.19,10.34,349.54,389.81,1149.95,191.31,143.11,139.40
1.0700,138.28,132.13,519.53,-14.04,-4.14,15.08,469.11,494.72,1334.05,254.09,182.52,167.07
1.0712,139.63,131.37,490.39,-13.66,-4.45,14.03,547.09,554.19,1408.42,287.19,200.91,177.28
1.0725,123.44,113.70,425.11,-24.22,-11.96,7.45,571.37,558.92,1361.25,285.63,195.54,168.53
1.0737,91.67,81.39,333.02,-43.93,-25.41,-3.52,538.25,508.08,1199.42,249.66,167.25,142.19
1.0750,48.65,38.90,227.34,-69.62,-42.64,-17.09,453.00,409.45,947.42,184.68,120.30,102.22
1.0762,0.47,-7.74,123.34,-97.24,-60.92,-31.07,328.97,278.26,643.70,100.43,61.74,54.61
1.0775,-45.99,-51.86,36.09,-122.43,-77.33,-43.20,185.46,134.80,334.99,9.56,0.37,6.50
1.0787,-84.06,-87.16,-21.92,-141.20,-89.26,-51.50,44.68,1.34,69.08,-74.18,-54.53,-34.84
1.0800,-108.40,-108.69,-42.72,-150.56,-94.79,-54.58,-71.75,-101.52,-112.80,-138.05,-94.61,-63.16
1.0812,-115.63,-113.57,-24.05,-148.97,-92.98,-51.90,-146.22,-158.07,-182.76,-172.30,-113.79,-74.15
1.0825,-104.85,-101.34,30.53,-136.63,-84.05,-43.79,-167.78,-159.97,-130.49,-171.70,-109.15,-66.14
1.0837,-77.60,-73.92,112.36,-115.41,-69.32,-31.46,-133.56,-107.27,35.48,-136.32,-81.39,-40.35
1.0850,-37.72,-35.33,209.06,-88.58,-51.04,-16.81,-49.01,-8.20,289.62,-71.48,-34.69,-0.62
1.0862,9.18,8.86,306.23,-60.32,-32.04,-2.12,73.11,122.16,593.30,13.02,23.91,47.05
1.0875,56.39,52.26,389.52,-35.05,-15.30,10.28,214.57,264.17,900.54,104.36,85.52,95.44
1.0887,96.94,88.52,446.66,-16.75,-3.46,18.40,354.28,396.42,1164.77,188.55,140.69,137.12
1.0900,124.73,112.28,469.32,-8.29,1.59,20.94,471.30,499.00,1345.94,252.61,180.90,165.63
1.0912,135.45,119.96,454.32,-10.98,-0.93,17.49,547.98,556.49,1416.79,286.64,199.92,176.55
1.0925,127.42,110.39,404.07,-24.40,-10.66,8.57,572.67,560.28,1366.98,285.39,194.83,168.15
1.0938,101.94,85.07,326.28,-46.53,-26.12,-4.49,541.42,509.81,1204.36,249.09,166.40,141.73
1.0950,63.12,47.98,232.93,-74.05,-45.00,-19.73,458.66,412.56,953.53,183.33,119.00,101.34
1.0962,17.19,5.02,138.56,-102.87,-64.48,-34.92,336.57,282.98,652.12,98.22,59.89,53.18
1.0975,-28.54,-36.99,58.02,-128.67,-81.62,-47.79,193.35,140.46,345.44,6.82,-1.84,4.67
1.0987,-66.95,-71.45,4.06,-147.55,-93.87,-56.42,50.63,6.47,79.77,-76.81,-56.69,-36.71
1.1000,-92.20,-93.04,-14.85,-156.66,-99.37,-59.55,-69.82,-98.62,-104.68,-139.89,-96.25,-64.60
1.1012,-100.59,-98.55,4.16,-154.61,-97.33,-56.68,-149.46,-158.82,-180.13,-172.86,-114.50,-74.77
1.1025,-91.08,-87.30,58.03,-141.70,-88.06,-48.27,-175.97,-164.91,-135.33,-170.90,-108.79,-65.78
1.1038,-65.29,-61.13,138.43,-119.86,-72.94,-35.54,-145.15,-115.86,22.93,-134.53,-80.13,-39.13
1.1050,-27.20,-24.09,233.09,-92.37,-54.23,-20.39,-61.60,-18.96,271.01,-69.40,-32.95,1.07
1.1062,17.39,18.18,327.56,-63.38,-34.76,-5.09,62.02,111.25,571.85,14.62,25.58,48.71
1.1075,61.73,59.26,407.39,-37.28,-17.46,8.05,206.81,255.01,880.09,104.90,86.65,96.62
1.1087,99.06,92.87,460.33,-18.05,-4.97,17.03,350.52,390.32,1148.68,187.86,141.03,137.55
1.1100,123.60,113.84,478.23,-8.60,0.83,20.51,470.97,496.27,1336.20,250.98,180.52,165.33
1.1112,131.46,118.86,458.24,-10.31,-0.93,17.98,549.48,556.45,1413.49,284.74,199.17,175.79
1.1125,121.28,107.02,403.25,-22.85,-9.92,9.88,573.90,561.49,1368.37,284.08,194.22,167.41
1.1138,94.50,79.98,321.38,-44.27,-24.76,-2.53,540.42,510.48,1207.37,249.17,166.48,141.53
1.1150,55.22,41.82,224.91,-71.31,-43.15,-17.35,454.12,411.09,954.66,185.31,120.19,102.10
1.1162,9.58,-1.58,128.54,-99.91,-62.33,-32.34,328.12,278.39,648.41,102.17,62.37,55.12
1.1175,-35.17,-43.39,47.22,-125.79,-79.40,-45.27,181.62,132.57,335.19,12.38,1.80,7.71
1.1187,-71.92,-76.98,-6.30,-145.09,-91.82,-54.21,36.97,-4.08,62.90,-70.37,-52.27,-32.87
1.1200,-94.95,-97.07,-23.58,-154.93,-97.74,-57.86,-83.78,-110.68,-126.81,-133.40,-91.56,-60.41
1.1212,-100.90,-100.62,-1.95,-153.82,-96.29,-55.68,-162.36,-171.09,-205.19,-167.06,-110.08,-70.72
1.1225,-89.26,-87.31,55.06,-141.84,-87.68,-47.97,-187.09,-176.41,-160.90,-166.25,-105.03,-62.23
1.1237,-62.32,-59.53,138.40,-120.68,-73.11,-35.79,-154.56,-126.15,-1.32,-131.08,-77.18,-36.23
1.1250,-24.62,-21.89,234.90,-93.36,-54.68,-20.89,-69.98,-28.17,248.94,-66.87,-30.72,3.38
1.1262,17.89,19.61,329.36,-63.90,-35.09,-5.40,53.75,102.61,551.82,16.72,27.38,50.68
1.1275,58.77,58.49,406.92,-36.77,-17.26,8.34,198.01,246.40,861.36,107.06,88.35,98.53
1.1287,92.06,88.90,455.55,-16.17,-3.95,18.21,341.08,381.45,1130.49,190.37,142.92,139.65
1.1300,113.10,106.47,467.98,-5.39,2.75,22.63,461.36,487.28,1318.18,253.89,182.70,167.69
1.1312,119.17,108.90,442.82,-6.23,1.72,20.80,540.63,547.87,1395.93,287.81,201.57,178.34
1.1325,109.74,96.21,384.56,-18.70,-6.98,12.89,566.87,554.06,1352.13,286.89,196.60,169.94
1.1337,86.41,70.60,302.64,-40.95,-22.08,0.05,536.14,504.99,1193.69,251.26,168.51,143.73
1.1350,52.66,36.06,209.90,-69.62,-41.33,-15.81,453.17,408.17,944.83,186.31,121.56,103.69
1.1362,13.42,-2.25,120.58,-100.26,-61.76,-32.25,330.67,278.35,643.45,101.87,62.84,55.85
1.1375,-25.60,-38.65,48.24,-128.14,-80.22,-46.71,187.44,135.44,335.65,10.74,1.26,7.47
1.1387,-58.57,-67.73,3.69,-148.93,-93.86,-56.92,45.54,1.44,68.77,-73.24,-53.82,-34.11
1.1400,-80.45,-85.16,-6.52,-159.48,-100.60,-61.33,-73.11,-102.96,-115.97,-137.33,-94.03,-62.59
1.1412,-87.76,-88.23,18.98,-158.27,-99.45,-59.30,-150.21,-161.67,-190.13,-171.85,-113.33,-73.71
1.1425,-79.13,-76.34,76.37,-145.58,-90.65,-51.22,-173.93,-165.69,-142.40,-171.69,-108.88,-65.87
1.1437,-55.61,-51.06,157.25,-123.47,-75.60,-38.39,-140.66,-114.38,20.02,-137.02,-81.45,-40.35
1.1450,-20.53,-15.97,249.85,-95.36,-56.64,-22.81,-55.43,-15.44,272.73,-73.16,-35.25,-1.07
1.1462,20.93,23.80,340.53,-65.55,-36.69,-6.91,68.94,116.30,577.87,10.20,22.71,46.01
1.1475,62.41,62.24,415.71,-38.57,-18.79,6.90,213.78,261.03,889.51,100.41,83.61,93.72
1.1487,97.39,93.41,463.89,-18.48,-5.65,16.54,357.31,396.88,1160.43,183.68,138.14,134.75
1.1500,120.20,112.34,477.47,-8.26,0.75,20.59,477.84,503.26,1349.42,247.23,177.90,162.75
1.1512,127.07,115.88,454.04,-9.36,-0.48,18.50,557.20,564.11,1427.87,281.22,196.73,173.34
1.1525,116.73,103.27,396.79,-21.54,-9.10,10.67,583.51,570.37,1384.24,280.39,191.70,164.87
1.1537,90.68,76.25,314.02,-42.92,-23.76,-1.67,552.93,521.34,1225.71,244.84,163.56,138.58
1.1550,52.84,38.84,218.04,-70.22,-42.23,-16.64,470.15,424.59,976.74,179.97,116.58,98.46
1.1562,8.99,-3.32,123.26,-99.31,-61.67,-31.93,347.61,294.80,675.32,95.68,57.91,50.61
1.1575,-34.19,-43.81,44.08,-125.73,-79.13,-45.21,203.65,151.59,367.24,4.88,-3.48,2.36
1.1587,-70.08,-76.45,-7.41,-145.45,-91.93,-54.43,59.97,16.59,99.32,-78.49,-58.16,-38.85
1.1600,-93.10,-96.18,-23.34,-155.48,-98.14,-58.21,-61.66,-89.78,-87.86,-141.62,-97.75,-66.68
1.1612,-99.59,-99.92,-1.23,-154.38,-96.85,-56.01,-142.74,-151.45,-166.23,-174.87,-116.20,-76.87
1.1625,-88.34,-86.93,55.77,-142.42,-88.33,-48.24,-170.97,-159.22,-124.43,-173.26,-110.75,-67.91
1.1637,-60.77,-58.95,139.43,-121.52,-73.94,-36.14,-142.17,-112.04,30.78,-137.10,-82.25,-41.21
1.1650,-20.72,-19.92,237.65,-94.98,-55.94,-21.65,-60.85,-17.12,275.77,-71.87,-35.04,-0.80
1.1663,26.08,24.55,336.11,-66.92,-37.15,-7.05,60.59,111.14,573.54,12.59,23.81,47.23
1.1675,72.80,67.96,420.37,-41.73,-20.51,5.35,203.68,253.26,879.00,103.56,85.41,95.64
1.1687,112.44,103.90,478.00,-23.30,-8.62,13.59,346.63,387.56,1145.49,187.24,140.42,137.10
1.1700,138.97,126.97,500.50,-14.48,-3.33,16.40,467.55,493.42,1332.03,250.91,180.46,165.27
1.1712,148.23,133.66,484.62,-16.57,-5.43,13.34,547.85,554.55,1409.82,284.86,199.44,175.88
1.1725,138.66,122.90,432.79,-29.21,-14.59,4.92,575.18,561.56,1366.82,283.95,194.49,167.36
1.1737,111.60,96.22,352.80,-50.42,-29.37,-7.55,545.35,513.35,1209.51,248.38,166.40,141.04
1.1750,71.07,57.60,256.63,-76.95,-47.52,-22.17,462.94,417.24,961.72,183.56,119.47,100.94
1.1763,23.14,12.83,158.78,-104.74,-66.24,-36.68,340.51,287.83,661.03,99.34,60.82,53.15
1.1775,-24.97,-31.34,74.05,-129.52,-82.64,-48.85,196.68,144.83,353.22,8.53,-0.63,4.95
1.1787,-66.02,-68.27,15.24,-147.45,-94.19,-56.80,53.35,10.03,85.32,-74.98,-55.49,-36.30
1.1800,-93.82,-92.41,-8.89,-155.79,-99.11,-59.30,-67.67,-96.02,-101.74,-138.40,-95.36,-64.27
1.1812,-104.17,-100.16,5.09,-153.28,-96.64,-55.96,-147.98,-157.26,-179.66,-172.04,-114.16,-74.72
1.1825,-95.45,-90.37,54.91,-140.35,-87.21,-47.33,-175.46,-164.52,-137.01,-170.84,-109.08,-66.08
1.1837,-68.93,-64.48,133.04,-119.02,-72.25,-34.71,-146.02,-116.83,19.32,-135.09,-80.97,-39.73
1.1850,-28.56,-26.35,227.81,-92.51,-54.05,-20.03,-64.16,-21.45,265.56,-70.30,-34.12,0.31
1.1863,19.44,18.25,324.92,-64.81,-35.35,-5.48,57.75,107.22,564.60,13.70,24.35,48.00
1.1875,67.51,62.39,409.44,-40.01,-18.92,6.77,201.20,249.71,871.25,104.22,85.60,96.11
1.1887,107.85,99.02,468.04,-21.74,-7.19,14.96,344.27,384.27,1138.78,187.56,140.34,137.36
1.1900,133.76,122.11,491.09,-12.57,-1.81,17.96,464.92,490.21,1326.12,251.11,180.26,165.49
1.1912,140.79,127.67,474.29,-13.74,-3.46,15.45,544.47,551.14,1404.29,285.28,199.35,176.28
1.1925,127.58,114.49,419.42,-24.92,-11.79,7.91,570.62,557.60,1361.07,284.94,194.75,168.12
1.1937,96.11,84.37,334.23,-44.38,-25.48,-3.46,539.34,508.49,1202.77,250.18,167.21,142.31
1.1950,51.30,41.88,231.34,-69.21,-42.43,-16.92,455.49,411.23,953.17,186.24,120.91,102.75
1.1963,0.23,-6.41,126.41,-95.73,-60.11,-30.45,331.97,280.64,650.04,102.73,62.82,55.39
1.1975,-49.08,-52.93,35.68,-119.98,-75.88,-42.04,187.76,136.72,339.57,12.25,1.71,7.36
1.1987,-88.93,-90.41,-26.67,-138.32,-87.38,-49.96,44.99,1.59,69.41,-71.50,-53.13,-34.04
1.2000,-113.20,-113.03,-50.94,-147.99,-92.88,-53.03,-74.46,-103.96,-118.85,-135.76,-93.38,-62.52
1.2012,-118.28,-117.37,-33.41,-147.53,-91.58,-50.80,-152.42,-163.82,-196.46,-170.75,-112.91,-73.76
1.2025,-103.57,-102.84,23.16,-136.97,-83.65,-43.62,-177.25,-169.06,-151.89,-171.19,-108.79,-66.07
1.2037,-71.44,-71.75,110.11,-117.87,-70.28,-32.53,-145.50,-119.15,7.68,-137.02,-81.69,-40.63
1.2050,-26.87,-28.88,214.20,-93.06,-53.43,-19.20,-62.24,-21.88,257.78,-73.40,-35.67,-1.24
1.2063,23.33,19.18,319.53,-66.26,-35.62,-5.60,59.81,107.92,560.46,10.12,22.35,46.18
1.2075,71.48,65.07,409.91,-41.53,-19.54,6.22,202.22,250.55,869.80,100.92,83.63,94.50
1.2087,110.24,101.72,471.37,-22.66,-7.66,14.43,343.49,384.38,1138.62,185.22,138.86,136.35
1.2100,133.75,123.53,494.41,-12.60,-1.83,17.77,462.21,489.05,1325.80,250.11,179.58,165.31
1.2112,138.59,127.27,475.62,-12.97,-3.00,15.69,540.35,548.64,1402.72,285.59,199.55,176.91
1.2125,124.39,112.62,418.15,-23.84,-11.06,8.42,566.02,554.16,1357.81,286.19,195.68,169.37
1.2137,93.78,82.18,331.29,-43.71,-24.89,-3.03,535.36,504.85,1198.11,251.80,168.54,143.81
1.2150,51.92,41.02,228.97,-69.72,-42.49,-17.03,453.08,408.25,948.10,187.63,122.26,104.13
1.2163,5.58,-4.16,127.56,-98.03,-61.29,-31.57,331.73,279.12,645.95,103.45,63.85,56.38
1.2175,-38.02,-46.19,43.27,-124.37,-78.49,-44.49,189.82,137.16,337.92,12.12,2.22,7.84
1.2188,-72.32,-78.60,-10.65,-144.70,-91.47,-53.83,49.09,4.16,71.34,-72.36,-53.17,-34.03
1.2200,-92.44,-96.62,-26.01,-155.85,-98.23,-58.15,-68.89,-99.51,-112.81,-137.00,-93.82,-62.80
1.2212,-95.79,-97.84,-0.92,-155.99,-97.70,-56.73,-146.04,-157.99,-186.49,-171.94,-113.55,-74.10
1.2225,-82.35,-82.51,60.12,-145.00,-89.86,-49.69,-170.58,-162.45,-138.81,-171.96,-109.41,-66.31
1.2237,-54.56,-53.34,147.18,-124.43,-75.81,-38.00,-138.73,-112.24,22.63,-137.27,-82.17,-40.75
1.2250,-16.83,-15.03,246.49,-97.33,-57.62,-23.38,-55.17,-14.86,273.33,-73.39,-36.10,-1.44
1.2263,25.12,26.50,342.55,-67.83,-38.02,-8.00,67.82,115.23,575.67,9.72,21.64,45.49
1.2275,65.07,64.93,420.46,-40.48,-20.03,5.75,212.01,258.70,884.38,99.18,82.11,92.75
1.2288,97.24,94.56,468.30,-19.62,-6.48,15.69,355.90,394.08,1153.13,181.18,135.91,132.98
1.2300,117.08,111.17,479.07,-8.55,0.47,20.23,477.85,501.09,1341.70,243.10,174.75,159.95
1.2312,122.00,112.60,451.78,-9.04,-0.29,18.60,559.50,563.76,1422.39,275.61,192.71,169.58
1.2325,111.69,99.08,391.50,-20.99,-8.65,11.03,588.69,572.99,1384.33,274.05,187.27,160.57
1.2337,88.14,73.13,308.43,-42.50,-23.28,-1.32,561.29,527.83,1234.80,239.15,159.57,134.56
1.2350,55.29,39.08,216.18,-70.18,-41.90,-16.53,481.65,435.47,997.59,176.66,114.13,95.76
1.2363,18.35,2.37,129.56,-99.75,-61.63,-32.27,361.74,309.89,708.80,96.31,58.06,50.20
1.2375,-17.09,-31.37,62.12,-126.74,-79.50,-46.16,219.12,169.57,411.04,10.21,-0.21,4.75
1.2388,-45.95,-57.25,23.77,-147.23,-92.93,-56.21,74.29,34.61,146.69,-69.14,-52.21,-34.01
1.2400,-64.46,-71.88,19.12,-158.53,-100.16,-61.11,-52.36,-76.27,-48.47,-130.71,-90.77,-60.80
1.2412,-70.56,-73.79,46.98,-159.47,-100.49,-60.44,-143.34,-148.29,-149.97,-166.47,-110.98,-72.34
1.2425,-63.93,-63.31,101.22,-150.52,-94.27,-54.63,-186.12,-172.13,-146.62,-172.18,-110.62,-67.59
1.2437,-45.57,-42.17,172.58,-133.41,-82.70,-44.80,-174.11,-144.29,-39.47,-147.30,-89.98,-47.45
1.2450,-17.36,-12.85,251.14,-110.58,-67.45,-32.41,-106.70,-66.53,161.10,-94.33,-51.24,-14.19
1.2463,18.45,22.07,328.52,-84.55,-50.21,-18.88,11.36,55.25,438.86,-17.82,2.23,29.28
1.2475,59.59,60.34,399.67,-57.34,-32.31,-5.28,170.86,211.94,774.55,76.52,66.57,79.91
1.2488,103.94,100.23,463.49,-30.18,-14.56,7.86,359.02,392.18,1147.50,182.36,137.73,134.85
1.2500,149.54,140.54,522.37,-3.47,2.84,20.52,560.44,583.03,1536.35,293.11,211.71,191.44
